Date,Prefecture,Positive,Tested,Discharged,Fatal
2020-03-18,Hokkaido,154,1587,69,7
2020-03-18,Aomori,0,75,0,0
2020-03-18,Iwate,0,24,0,0
2020-03-18,Miyagi,1,138,1,0
2020-03-18,Akita,2,109,1,0
2020-03-18,Yamagata,0,123,0,0
2020-03-18,Fukushima,2,127,0,0
2020-03-18,Ibaraki,2,454,0,0
2020-03-18,Tochigi,3,242,2,0
2020-03-18,Gunma,10,161,0,0
2020-03-18,Saitama,34,646,4,0
2020-03-18,Chiba,33,,9,0
2020-03-18,Tokyo,117,1743,23,2
2020-03-18,Kanagawa,59,,6,4
2020-03-18,Niigata,21,,1,0
2020-03-18,Toyama,0,54,0,0
2020-03-18,Ishikawa,7,165,1,0
2020-03-18,Fukui,1,92,0,0
2020-03-18,Yamanashi,2,325,0,0
2020-03-18,Nagano,4,295,0,0
2020-03-18,Gifu,3,270,1,0
2020-03-18,Shizuoka,3,,1,0
2020-03-18,Aichi,130,847,3,14
2020-03-18,Mie,8,277,1,0
2020-03-18,Shiga,4,140,0,0
2020-03-18,Kyoto,20,770,6,0
2020-03-18,Osaka,117,,22,0
2020-03-18,Hyogo,90,1020,0,3
2020-03-18,Nara,8,163,2,0
2020-03-18,Wakayama,15,1090,8,1
2020-03-18,Tottori,0,110,0,0
2020-03-18,Shimane,0,86,0,0
2020-03-18,Okayama,0,175,0,0
2020-03-18,Hiroshima,1,521,1,0
2020-03-18,Yamaguchi,3,157,0,0
2020-03-18,Tokushima,1,79,0,0
2020-03-18,Kagawa,1,122,0,0
2020-03-18,Ehime,3,181,1,0
2020-03-18,Kochi,12,267,6,0
2020-03-18,Fukuoka,4,610,1,0
2020-03-18,Saga,1,91,0,0
2020-03-18,Nagasaki,1,200,0,0
2020-03-18,Kumamoto,6,,0,0
2020-03-18,Oita,1,163,1,0
2020-03-18,Miyazaki,3,143,0,0
2020-03-18,Kagoshima,0,,0,0
2020-03-18,Okinawa,3,230,2,0
2020-03-19,Hokkaido,157,1652,69,7
2020-03-19,Aomori,0,79,0,0
2020-03-19,Iwate,0,29,0,0
2020-03-19,Miyagi,1,144,1,0
2020-03-19,Akita,2,114,1,0
2020-03-19,Yamagata,0,133,0,0
2020-03-19,Fukushima,2,132,0,0
2020-03-19,Ibaraki,3,464,0,0
2020-03-19,Tochigi,3,263,2,0
2020-03-19,Gunma,10,173,0,0
2020-03-19,Saitama,38,684,4,0
2020-03-19,Chiba,36,,9,0
2020-03-19,Tokyo,124,1848,24,2
2020-03-19,Kanagawa,64,,6,4
2020-03-19,Niigata,21,647,1,0
2020-03-19,Toyama,0,54,0,0
2020-03-19,Ishikawa,7,171,2,0
2020-03-19,Fukui,1,92,0,0
2020-03-19,Yamanashi,2,335,0,0
2020-03-19,Nagano,4,306,0,0
2020-03-19,Gifu,3,272,1,0
2020-03-19,Shizuoka,3,,1,0
2020-03-19,Aichi,134,847,3,14
2020-03-19,Mie,9,318,1,0
2020-03-19,Shiga,4,144,0,0
2020-03-19,Kyoto,20,800,6,0
2020-03-19,Osaka,119,2011,22,1
2020-03-19,Hyogo,91,1108,1,4
2020-03-19,Nara,8,176,2,0
2020-03-19,Wakayama,16,1102,8,1
2020-03-19,Tottori,0,115,0,0
2020-03-19,Shimane,0,91,0,0
2020-03-19,Okayama,0,181,0,0
2020-03-19,Hiroshima,1,552,1,0
2020-03-19,Yamaguchi,3,164,0,0
2020-03-19,Tokushima,1,83,0,0
2020-03-19,Kagawa,1,128,0,0
2020-03-19,Ehime,3,181,1,0
2020-03-19,Kochi,12,270,11,0
2020-03-19,Fukuoka,5,626,2,0
2020-03-19,Saga,1,100,0,0
2020-03-19,Nagasaki,1,213,0,0
2020-03-19,Kumamoto,7,467,0,0
2020-03-19,Oita,3,167,1,0
2020-03-19,Miyazaki,3,170,0,0
2020-03-19,Kagoshima,0,171,0,0
2020-03-19,Okinawa,3,238,2,0
2020-03-20,Hokkaido,158,1652,69,6
2020-03-20,Aomori,0,85,0,0
2020-03-20,Iwate,0,29,0,0
2020-03-20,Miyagi,1,148,1,0
2020-03-20,Akita,2,114,1,0
2020-03-20,Yamagata,0,133,0,0
2020-03-20,Fukushima,2,132,0,0
2020-03-20,Ibaraki,3,464,0,0
2020-03-20,Tochigi,3,263,1,0
2020-03-20,Gunma,11,173,0,0
2020-03-20,Saitama,41,684,6,0
2020-03-20,Chiba,41,,12,0
2020-03-20,Tokyo,135,1848,24,3
2020-03-20,Kanagawa,65,,6,4
2020-03-20,Niigata,21,647,1,0
2020-03-20,Toyama,0,54,0,0
2020-03-20,Ishikawa,8,175,2,0
2020-03-20,Fukui,1,97,0,0
2020-03-20,Yamanashi,2,337,0,0
2020-03-20,Nagano,4,306,1,0
2020-03-20,Gifu,3,279,1,0
2020-03-20,Shizuoka,3,,1,0
2020-03-20,Aichi,139,847,3,16
2020-03-20,Mie,9,318,1,0
2020-03-20,Shiga,4,144,0,0
2020-03-20,Kyoto,21,806,6,0
2020-03-20,Osaka,123,2025,22,1
2020-03-20,Hyogo,100,1120,1,4
2020-03-20,Nara,8,177,2,0
2020-03-20,Wakayama,17,1110,8,1
2020-03-20,Tottori,0,115,0,0
2020-03-20,Shimane,0,91,0,0
2020-03-20,Okayama,0,181,0,0
2020-03-20,Hiroshima,2,569,1,0
2020-03-20,Yamaguchi,3,164,0,0
2020-03-20,Tokushima,1,83,0,0
2020-03-20,Kagawa,1,133,0,0
2020-03-20,Ehime,3,181,1,0
2020-03-20,Kochi,12,270,11,0
2020-03-20,Fukuoka,5,626,2,0
2020-03-20,Saga,1,102,0,0
2020-03-20,Nagasaki,1,213,0,0
2020-03-20,Kumamoto,7,476,0,0
2020-03-20,Oita,8,175,1,0
2020-03-20,Miyazaki,3,179,0,0
2020-03-20,Kagoshima,0,171,0,0
2020-03-20,Okinawa,3,238,2,0
2020-03-21,Hokkaido,159,1652,81,6
2020-03-21,Aomori,0,88,0,0
2020-03-21,Iwate,0,29,0,0
2020-03-21,Miyagi,1,150,1,0
2020-03-21,Akita,2,114,1,0
2020-03-21,Yamagata,0,133,0,0
2020-03-21,Fukushima,2,132,0,0
2020-03-21,Ibaraki,3,464,0,0
2020-03-21,Tochigi,4,263,1,0
2020-03-21,Gunma,11,174,0,0
2020-03-21,Saitama,44,684,7,0
2020-03-21,Chiba,42,,14,0
2020-03-21,Tokyo,142,1848,25,4
2020-03-21,Kanagawa,68,,12,4
2020-03-21,Niigata,26,647,2,0
2020-03-21,Toyama,0,54,0,0
2020-03-21,Ishikawa,8,176,3,0
2020-03-21,Fukui,1,97,0,0
2020-03-21,Yamanashi,2,338,0,0
2020-03-21,Nagano,4,306,1,0
2020-03-21,Gifu,3,279,1,0
2020-03-21,Shizuoka,3,,1,0
2020-03-21,Aichi,141,847,8,16
2020-03-21,Mie,9,318,1,0
2020-03-21,Shiga,4,144,0,0
2020-03-21,Kyoto,22,813,7,0
2020-03-21,Osaka,125,2034,26,1
2020-03-21,Hyogo,106,1126,2,4
2020-03-21,Nara,8,184,2,0
2020-03-21,Wakayama,17,1112,9,1
2020-03-21,Tottori,0,115,0,0
2020-03-21,Shimane,0,92,0,0
2020-03-21,Okayama,0,181,0,0
2020-03-21,Hiroshima,2,579,1,0
2020-03-21,Yamaguchi,3,166,0,0
2020-03-21,Tokushima,1,83,0,0
2020-03-21,Kagawa,1,142,0,0
2020-03-21,Ehime,3,181,1,0
2020-03-21,Kochi,12,272,11,0
2020-03-21,Fukuoka,5,637,2,0
2020-03-21,Saga,1,102,0,0
2020-03-21,Nagasaki,1,213,0,0
2020-03-21,Kumamoto,7,487,1,0
2020-03-21,Oita,13,175,1,0
2020-03-21,Miyazaki,3,186,0,0
2020-03-21,Kagoshima,0,171,0,0
2020-03-21,Okinawa,3,238,2,0
2020-03-22,Hokkaido,162,1652,83,6
2020-03-22,Aomori,0,90,0,0
2020-03-22,Iwate,0,29,0,0
2020-03-22,Miyagi,1,150,1,0
2020-03-22,Akita,2,114,1,0
2020-03-22,Yamagata,0,133,0,0
2020-03-22,Fukushima,2,132,0,0
2020-03-22,Ibaraki,3,464,0,0
2020-03-22,Tochigi,4,263,2,0
2020-03-22,Gunma,11,174,0,1
2020-03-22,Saitama,50,684,10,1
2020-03-22,Chiba,44,,15,0
2020-03-22,Tokyo,144,1848,25,4
2020-03-22,Kanagawa,74,,14,4
2020-03-22,Niigata,26,648,3,0
2020-03-22,Toyama,0,55,0,0
2020-03-22,Ishikawa,8,179,3,0
2020-03-22,Fukui,1,98,0,0
2020-03-22,Yamanashi,2,338,1,0
2020-03-22,Nagano,4,306,1,0
2020-03-22,Gifu,5,281,1,0
2020-03-22,Shizuoka,3,,1,0
2020-03-22,Aichi,143,847,8,16
2020-03-22,Mie,9,318,2,0
2020-03-22,Shiga,4,144,0,0
2020-03-22,Kyoto,23,815,7,0
2020-03-22,Osaka,131,2047,26,2
2020-03-22,Hyogo,110,1127,2,6
2020-03-22,Nara,9,187,2,0
2020-03-22,Wakayama,17,1118,9,1
2020-03-22,Tottori,0,115,0,0
2020-03-22,Shimane,0,95,0,0
2020-03-22,Okayama,1,181,0,0
2020-03-22,Hiroshima,3,609,1,0
2020-03-22,Yamaguchi,4,170,0,0
2020-03-22,Tokushima,1,83,0,0
2020-03-22,Kagawa,1,147,0,0
2020-03-22,Ehime,3,181,1,0
2020-03-22,Kochi,12,279,11,0
2020-03-22,Fukuoka,5,642,2,0
2020-03-22,Saga,1,103,0,0
2020-03-22,Nagasaki,1,213,0,0
2020-03-22,Kumamoto,7,490,1,0
2020-03-22,Oita,17,175,1,0
2020-03-22,Miyazaki,3,189,0,0
2020-03-22,Kagoshima,0,171,0,0
2020-03-22,Okinawa,3,238,2,0
2020-03-23,Hokkaido,162,1775,90,6
2020-03-23,Aomori,2,83,0,0
2020-03-23,Iwate,0,37,0,0
2020-03-23,Miyagi,1,161,1,0
2020-03-23,Akita,2,121,1,0
2020-03-23,Yamagata,0,145,0,0
2020-03-23,Fukushima,2,157,0,0
2020-03-23,Ibaraki,5,654,0,0
2020-03-23,Tochigi,4,297,2,0
2020-03-23,Gunma,11,202,0,1
2020-03-23,Saitama,51,875,11,1
2020-03-23,Chiba,47,31,15,0
2020-03-23,Tokyo,158,1848,26,4
2020-03-23,Kanagawa,75,,17,4
2020-03-23,Niigata,26,786,3,0
2020-03-23,Toyama,0,62,0,0
2020-03-23,Ishikawa,8,181,3,0
2020-03-23,Fukui,1,102,0,0
2020-03-23,Yamanashi,2,358,1,0
2020-03-23,Nagano,4,336,1,0
2020-03-23,Gifu,8,304,1,0
2020-03-23,Shizuoka,3,581,1,0
2020-03-23,Aichi,145,1782,8,17
2020-03-23,Mie,9,344,2,0
2020-03-23,Shiga,5,168,1,0
2020-03-23,Kyoto,24,857,7,0
2020-03-23,Osaka,134,2350,27,2
2020-03-23,Hyogo,112,1518,2,6
2020-03-23,Nara,9,205,3,0
2020-03-23,Wakayama,17,1305,9,1
2020-03-23,Tottori,0,126,0,0
2020-03-23,Shimane,0,101,0,0
2020-03-23,Okayama,1,206,0,0
2020-03-23,Hiroshima,3,631,1,0
2020-03-23,Yamaguchi,4,180,0,0
2020-03-23,Tokushima,1,93,0,0
2020-03-23,Kagawa,1,157,0,0
2020-03-23,Ehime,3,208,1,0
2020-03-23,Kochi,12,281,11,0
2020-03-23,Fukuoka,6,689,2,0
2020-03-23,Saga,1,111,0,0
2020-03-23,Nagasaki,1,246,0,0
2020-03-23,Kumamoto,7,521,1,0
2020-03-23,Oita,17,356,1,0
2020-03-23,Miyazaki,3,197,0,0
2020-03-23,Kagoshima,0,193,0,0
2020-03-23,Okinawa,3,263,2,0
2020-03-24,Hokkaido,163,1794,,
2020-03-24,Aomori,2,85,,
2020-03-24,Iwate,0,36,,
2020-03-24,Miyagi,1,162,,
2020-03-24,Akita,2,200,,
2020-03-24,Yamagata,0,147,,
2020-03-24,Fukushima,2,164,,
2020-03-24,Ibaraki,5,576,,
2020-03-24,Tochigi,6,299,,
2020-03-24,Gunma,13,209,,
2020-03-24,Saitama,58,898,,
2020-03-24,Chiba,48,39,,
2020-03-24,Tokyo,172,2013,,
2020-03-24,Kanagawa,80,69,,
2020-03-24,Niigata,28,812,,
2020-03-24,Toyama,0,67,,
2020-03-24,Ishikawa,8,192,,
2020-03-24,Fukui,1,114,,
2020-03-24,Yamanashi,4,370,,
2020-03-24,Nagano,5,339,,
2020-03-24,Gifu,12,317,,
2020-03-24,Shizuoka,3,584,,
2020-03-24,Aichi,148,1895,,
2020-03-24,Mie,9,368,,
2020-03-24,Shiga,5,173,,
2020-03-24,Kyoto,26,930,,
2020-03-24,Osaka,142,169,,
2020-03-24,Hyogo,115,1607,,
2020-03-24,Nara,9,214,,
2020-03-24,Wakayama,17,1316,,
2020-03-24,Tottori,0,129,,
2020-03-24,Shimane,0,105,,
2020-03-24,Okayama,1,219,,
2020-03-24,Hiroshima,3,656,,
2020-03-24,Yamaguchi,4,192,,
2020-03-24,Tokushima,1,96,,
2020-03-24,Kagawa,1,160,,
2020-03-24,Ehime,3,215,,
2020-03-24,Kochi,12,307,,
2020-03-24,Fukuoka,9,703,,
2020-03-24,Saga,1,115,,
2020-03-24,Nagasaki,1,253,,
2020-03-24,Kumamoto,7,543,,
2020-03-24,Oita,18,743,,
2020-03-24,Miyazaki,3,205,,
2020-03-24,Kagoshima,0,196,,
2020-03-24,Okinawa,4,271,,
2020-03-25,Hokkaido,167,1821,98,7
2020-03-25,Aomori,8,102,0,0
2020-03-25,Iwate,0,41,0,0
2020-03-25,Miyagi,1,175,1,0
2020-03-25,Akita,2,204,1,0
2020-03-25,Yamagata,0,156,0,0
2020-03-25,Fukushima,2,167,0,0
2020-03-25,Ibaraki,9,656,0,0
2020-03-25,Tochigi,7,320,2,0
2020-03-25,Gunma,13,231,0,1
2020-03-25,Saitama,59,901,12,1
2020-03-25,Chiba,53,100,17,0
2020-03-25,Tokyo,218,2087,27,5
2020-03-25,Kanagawa,84,74,17,4
2020-03-25,Niigata,29,845,3,0
2020-03-25,Toyama,0,69,0,0
2020-03-25,Ishikawa,8,193,3,0
2020-03-25,Fukui,2,116,0,0
2020-03-25,Yamanashi,4,383,1,0
2020-03-25,Nagano,5,339,2,0
2020-03-25,Gifu,13,325,1,0
2020-03-25,Shizuoka,3,611,2,0
2020-03-25,Aichi,154,1987,36,18
2020-03-25,Mie,9,380,2,0
2020-03-25,Shiga,5,176,1,0
2020-03-25,Kyoto,30,967,7,0
2020-03-25,Osaka,150,250,37,2
2020-03-25,Hyogo,116,1855,5,6
2020-03-25,Nara,9,225,3,0
2020-03-25,Wakayama,17,1374,9,1
2020-03-25,Tottori,0,134,0,0
2020-03-25,Shimane,0,106,0,0
2020-03-25,Okayama,1,233,0,0
2020-03-25,Hiroshima,3,687,1,0
2020-03-25,Yamaguchi,5,196,0,0
2020-03-25,Tokushima,1,99,0,0
2020-03-25,Kagawa,1,168,0,0
2020-03-25,Ehime,3,219,1,0
2020-03-25,Kochi,12,313,11,0
2020-03-25,Fukuoka,9,747,2,0
2020-03-25,Saga,1,121,0,0
2020-03-25,Nagasaki,2,266,0,0
2020-03-25,Kumamoto,7,567,2,0
2020-03-25,Oita,25,1171,1,0
2020-03-25,Miyazaki,3,222,1,0
2020-03-25,Kagoshima,0,208,0,0
2020-03-25,Okinawa,4,271,2,0
2020-03-26,Hokkaido,168,1929,98,7
2020-03-26,Aomori,6,116,0,0
2020-03-26,Iwate,0,44,0,0
2020-03-26,Miyagi,2,180,1,0
2020-03-26,Akita,2,207,1,0
2020-03-26,Yamagata,0,165,0,0
2020-03-26,Fukushima,2,177,0,0
2020-03-26,Ibaraki,10,716,0,0
2020-03-26,Tochigi,10,343,2,0
2020-03-26,Gunma,14,241,0,1
2020-03-26,Saitama,66,1033,13,1
2020-03-26,Chiba,56,108,18,0
2020-03-26,Tokyo,265,2182,28,5
2020-03-26,Kanagawa,89,218,18,4
2020-03-26,Niigata,29,920,3,0
2020-03-26,Toyama,0,69,0,0
2020-03-26,Ishikawa,8,195,3,0
2020-03-26,Fukui,6,119,0,0
2020-03-26,Yamanashi,4,401,2,0
2020-03-26,Nagano,5,371,2,0
2020-03-26,Gifu,16,374,1,0
2020-03-26,Shizuoka,3,645,2,0
2020-03-26,Aichi,157,2204,36,19
2020-03-26,Mie,9,387,2,0
2020-03-26,Shiga,6,138,1,0
2020-03-26,Kyoto,32,996,8,0
2020-03-26,Osaka,157,362,41,2
2020-03-26,Hyogo,118,2031,5,6
2020-03-26,Nara,9,231,3,0
2020-03-26,Wakayama,17,1405,10,1
2020-03-26,Tottori,0,141,0,0
2020-03-26,Shimane,0,109,0,0
2020-03-26,Okayama,1,243,0,0
2020-03-26,Hiroshima,4,722,1,0
2020-03-26,Yamaguchi,6,210,0,0
2020-03-26,Tokushima,1,104,0,0
2020-03-26,Kagawa,1,191,0,0
2020-03-26,Ehime,3,223,1,0
2020-03-26,Kochi,12,314,11,0
2020-03-26,Fukuoka,11,777,2,0
2020-03-26,Saga,1,124,0,0
2020-03-26,Nagasaki,2,279,0,0
2020-03-26,Kumamoto,8,595,2,0
2020-03-26,Oita,25,1389,1,0
2020-03-26,Miyazaki,3,235,1,0
2020-03-26,Kagoshima,1,215,0,0
2020-03-26,Okinawa,4,285,2,0
2020-03-27,Hokkaido,169,1976,114,7
2020-03-27,Aomori,6,123,0,0
2020-03-27,Iwate,0,50,0,0
2020-03-27,Miyagi,2,187,1,0
2020-03-27,Akita,4,211,1,0
2020-03-27,Yamagata,0,170,0,0
2020-03-27,Fukushima,2,182,0,0
2020-03-27,Ibaraki,11,770,0,0
2020-03-27,Tochigi,11,377,2,0
2020-03-27,Gunma,14,240,0,1
2020-03-27,Saitama,72,1104,13,2
2020-03-27,Chiba,62,169,18,0
2020-03-27,Tokyo,305,2269,29,5
2020-03-27,Kanagawa,95,276,18,4
2020-03-27,Niigata,29,977,7,0
2020-03-27,Toyama,0,70,0,0
2020-03-27,Ishikawa,8,199,3,0
2020-03-27,Fukui,9,136,0,0
2020-03-27,Yamanashi,4,422,2,0
2020-03-27,Nagano,6,396,2,0
2020-03-27,Gifu,16,412,1,0
2020-03-27,Shizuoka,3,648,2,0
2020-03-27,Aichi,160,2276,42,18
2020-03-27,Mie,9,408,2,0
2020-03-27,Shiga,6,196,1,0
2020-03-27,Kyoto,34,1035,11,0
2020-03-27,Osaka,177,501,41,2
2020-03-27,Hyogo,122,2121,5,5
2020-03-27,Nara,9,253,3,0
2020-03-27,Wakayama,17,1419,10,1
2020-03-27,Tottori,0,146,0,0
2020-03-27,Shimane,0,117,0,0
2020-03-27,Okayama,2,251,0,0
2020-03-27,Hiroshima,4,748,1,0
2020-03-27,Yamaguchi,6,228,0,0
2020-03-27,Tokushima,1,110,0,0
2020-03-27,Kagawa,1,197,0,0
2020-03-27,Ehime,4,234,1,0
2020-03-27,Kochi,13,332,11,0
2020-03-27,Fukuoka,12,843,2,0
2020-03-27,Saga,1,129,0,0
2020-03-27,Nagasaki,2,292,0,0
2020-03-27,Kumamoto,10,658,2,0
2020-03-27,Oita,25,1489,1,0
2020-03-27,Miyazaki,3,236,1,0
2020-03-27,Kagoshima,1,219,0,0
2020-03-27,Okinawa,6,303,2,0
2020-03-28,Hokkaido,172,1976,121,7
2020-03-28,Aomori,6,124,0,0
2020-03-28,Iwate,0,50,0,0
2020-03-28,Miyagi,2,187,1,0
2020-03-28,Akita,4,211,2,0
2020-03-28,Yamagata,0,170,0,0
2020-03-28,Fukushima,2,182,0,0
2020-03-28,Ibaraki,13,770,0,0
2020-03-28,Tochigi,11,377,2,0
2020-03-28,Gunma,15,240,0,1
2020-03-28,Saitama,78,1104,15,3
2020-03-28,Chiba,126,207,19,1
2020-03-28,Tokyo,368,2269,36,5
2020-03-28,Kanagawa,104,276,20,5
2020-03-28,Niigata,31,977,7,0
2020-03-28,Toyama,0,71,0,0
2020-03-28,Ishikawa,9,205,5,0
2020-03-28,Fukui,12,144,0,0
2020-03-28,Yamanashi,4,426,2,0
2020-03-28,Nagano,6,397,3,0
2020-03-28,Gifu,16,420,1,0
2020-03-28,Shizuoka,4,660,2,0
2020-03-28,Aichi,164,2276,42,19
2020-03-28,Mie,9,408,2,0
2020-03-28,Shiga,6,197,1,0
2020-03-28,Kyoto,37,1035,13,0
2020-03-28,Osaka,192,532,48,2
2020-03-28,Hyogo,125,2142,18,8
2020-03-28,Nara,11,263,8,0
2020-03-28,Wakayama,17,1431,13,1
2020-03-28,Tottori,0,146,0,0
2020-03-28,Shimane,0,121,0,0
2020-03-28,Okayama,3,251,0,0
2020-03-28,Hiroshima,4,812,1,0
2020-03-28,Yamaguchi,6,270,2,0
2020-03-28,Tokushima,1,110,1,0
2020-03-28,Kagawa,1,197,0,0
2020-03-28,Ehime,4,234,2,0
2020-03-28,Kochi,13,342,12,0
2020-03-28,Fukuoka,21,844,2,0
2020-03-28,Saga,1,129,0,0
2020-03-28,Nagasaki,2,292,0,0
2020-03-28,Kumamoto,10,674,3,0
2020-03-28,Oita,27,1489,1,0
2020-03-28,Miyazaki,3,241,1,0
2020-03-28,Kagoshima,1,219,0,0
2020-03-28,Okinawa,6,303,2,0
2020-03-29,Hokkaido,176,1976,121,7
2020-03-29,Aomori,7,132,0,0
2020-03-29,Iwate,0,50,0,0
2020-03-29,Miyagi,2,188,1,0
2020-03-29,Akita,4,211,2,0
2020-03-29,Yamagata,0,170,0,0
2020-03-29,Fukushima,2,182,0,0
2020-03-29,Ibaraki,16,770,0,0
2020-03-29,Tochigi,12,377,2,0
2020-03-29,Gunma,18,243,0,1
2020-03-29,Saitama,83,1105,15,3
2020-03-29,Chiba,160,237,19,1
2020-03-29,Tokyo,436,2269,36,5
2020-03-29,Kanagawa,107,276,20,5
2020-03-29,Niigata,31,977,7,0
2020-03-29,Toyama,0,72,0,0
2020-03-29,Ishikawa,9,212,5,0
2020-03-29,Fukui,13,154,0,0
2020-03-29,Yamanashi,4,428,2,0
2020-03-29,Nagano,8,397,3,0
2020-03-29,Gifu,21,428,1,0
2020-03-29,Shizuoka,4,665,2,0
2020-03-29,Aichi,167,2276,42,19
2020-03-29,Mie,9,408,2,0
2020-03-29,Shiga,6,197,1,0
2020-03-29,Kyoto,46,1035,13,0
2020-03-29,Osaka,209,553,48,2
2020-03-29,Hyogo,132,2146,18,10
2020-03-29,Nara,11,263,8,0
2020-03-29,Wakayama,17,1433,13,1
2020-03-29,Tottori,0,146,0,0
2020-03-29,Shimane,0,128,0,0
2020-03-29,Okayama,3,251,0,0
2020-03-29,Hiroshima,6,831,1,0
2020-03-29,Yamaguchi,6,291,2,0
2020-03-29,Tokushima,1,110,1,0
2020-03-29,Kagawa,1,212,0,0
2020-03-29,Ehime,4,234,2,0
2020-03-29,Kochi,14,353,12,0
2020-03-29,Fukuoka,22,853,2,0
2020-03-29,Saga,1,130,0,0
2020-03-29,Nagasaki,2,292,0,0
2020-03-29,Kumamoto,10,693,3,0
2020-03-29,Oita,28,1489,1,0
2020-03-29,Miyazaki,3,242,1,0
2020-03-29,Kagoshima,1,219,0,0
2020-03-29,Okinawa,8,303,2,0
2020-03-30,Hokkaido,177,2076,121,7
2020-03-30,Aomori,7,132,0,0
2020-03-30,Iwate,0,54,0,0
2020-03-30,Miyagi,6,208,1,0
2020-03-30,Akita,4,240,2,0
2020-03-30,Yamagata,0,198,0,0
2020-03-30,Fukushima,2,203,0,0
2020-03-30,Ibaraki,20,921,0,0
2020-03-30,Tochigi,12,439,2,0
2020-03-30,Gunma,18,253,0,1
2020-03-30,Saitama,84,1249,15,3
2020-03-30,Chiba,160,362,19,1
2020-03-30,Tokyo,449,2986,36,6
2020-03-30,Kanagawa,115,476,20,6
2020-03-30,Niigata,31,1024,7,0
2020-03-30,Toyama,1,79,0,0
2020-03-30,Ishikawa,11,211,5,0
2020-03-30,Fukui,15,160,0,0
2020-03-30,Yamanashi,5,454,2,0
2020-03-30,Nagano,8,475,3,0
2020-03-30,Gifu,21,629,1,0
2020-03-30,Shizuoka,4,701,2,0
2020-03-30,Aichi,170,2460,42,19
2020-03-30,Mie,11,437,2,0
2020-03-30,Shiga,6,217,1,0
2020-03-30,Kyoto,54,1080,13,0
2020-03-30,Osaka,217,630,48,2
2020-03-30,Hyogo,136,2399,18,10
2020-03-30,Nara,11,292,8,0
2020-03-30,Wakayama,17,1452,13,1
2020-03-30,Tottori,0,169,0,0
2020-03-30,Shimane,0,130,0,0
2020-03-30,Okayama,4,309,0,0
2020-03-30,Hiroshima,6,901,1,0
2020-03-30,Yamaguchi,6,257,2,0
2020-03-30,Tokushima,1,123,1,0
2020-03-30,Kagawa,1,243,0,0
2020-03-30,Ehime,4,250,2,0
2020-03-30,Kochi,15,359,12,0
2020-03-30,Fukuoka,23,1033,2,0
2020-03-30,Saga,1,137,0,0
2020-03-30,Nagasaki,2,331,0,0
2020-03-30,Kumamoto,11,856,3,0
2020-03-30,Oita,28,1626,1,0
2020-03-30,Miyazaki,3,272,1,0
2020-03-30,Kagoshima,1,263,0,0
2020-03-30,Okinawa,9,332,2,0
2020-03-31,Hokkaido,177,2096,124,7
2020-03-31,Aomori,8,137,0,0
2020-03-31,Iwate,0,59,0,0
2020-03-31,Miyagi,7,208,1,0
2020-03-31,Akita,6,261,2,0
2020-03-31,Yamagata,1,222,0,0
2020-03-31,Fukushima,4,204,0,0
2020-03-31,Ibaraki,24,1028,0,0
2020-03-31,Tochigi,14,456,2,0
2020-03-31,Gunma,19,289,0,1
2020-03-31,Saitama,98,1293,15,3
2020-03-31,Chiba,164,527,19,1
2020-03-31,Tokyo,527,3027,37,6
2020-03-31,Kanagawa,120,614,27,6
2020-03-31,Niigata,31,1061,10,0
2020-03-31,Toyama,3,90,0,0
2020-03-31,Ishikawa,13,228,5,0
2020-03-31,Fukui,16,179,0,0
2020-03-31,Yamanashi,6,472,2,0
2020-03-31,Nagano,8,506,3,0
2020-03-31,Gifu,23,717,2,0
2020-03-31,Shizuoka,6,745,3,0
2020-03-31,Aichi,176,2854,47,19
2020-03-31,Mie,11,458,2,0
2020-03-31,Shiga,7,232,2,0
2020-03-31,Kyoto,68,1178,15,0
2020-03-31,Osaka,245,630,70,2
2020-03-31,Hyogo,147,2462,18,11
2020-03-31,Nara,11,314,8,0
2020-03-31,Wakayama,17,1479,13,1
2020-03-31,Tottori,0,182,0,0
2020-03-31,Shimane,0,136,0,0
2020-03-31,Okayama,4,321,0,0
2020-03-31,Hiroshima,6,960,1,0
2020-03-31,Yamaguchi,6,287,3,0
2020-03-31,Tokushima,3,144,1,0
2020-03-31,Kagawa,2,243,0,0
2020-03-31,Ehime,9,267,2,0
2020-03-31,Kochi,17,389,12,0
2020-03-31,Fukuoka,43,1069,2,0
2020-03-31,Saga,2,150,0,0
2020-03-31,Nagasaki,2,351,1,0
2020-03-31,Kumamoto,14,925,3,0
2020-03-31,Oita,29,1647,1,0
2020-03-31,Miyazaki,3,284,1,0
2020-03-31,Kagoshima,1,265,0,0
2020-03-31,Okinawa,9,356,2,0
2020-04-01,Hokkaido,182,2096,131,7
2020-04-01,Aomori,8,137,0,0
2020-04-01,Iwate,0,59,0,0
2020-04-01,Miyagi,7,208,1,0
2020-04-01,Akita,6,261,2,0
2020-04-01,Yamagata,1,222,0,0
2020-04-01,Fukushima,6,204,1,0
2020-04-01,Ibaraki,24,1028,0,1
2020-04-01,Tochigi,14,456,2,0
2020-04-01,Gunma,20,289,0,1
2020-04-01,Saitama,101,1293,20,4
2020-04-01,Chiba,175,527,23,1
2020-04-01,Tokyo,593,3027,47,7
2020-04-01,Kanagawa,138,614,28,6
2020-04-01,Niigata,31,1061,10,0
2020-04-01,Toyama,5,90,0,0
2020-04-01,Ishikawa,15,228,5,0
2020-04-01,Fukui,22,179,0,0
2020-04-01,Yamanashi,8,472,2,0
2020-04-01,Nagano,9,506,3,0
2020-04-01,Gifu,22,717,2,0
2020-04-01,Shizuoka,6,745,3,0
2020-04-01,Aichi,181,2854,47,19
2020-04-01,Mie,11,458,2,0
2020-04-01,Shiga,8,232,3,0
2020-04-01,Kyoto,71,1178,16,0
2020-04-01,Osaka,279,630,70,2
2020-04-01,Hyogo,161,2462,18,11
2020-04-01,Nara,15,314,8,0
2020-04-01,Wakayama,18,1479,13,1
2020-04-01,Tottori,0,182,0,0
2020-04-01,Shimane,0,136,0,0
2020-04-01,Okayama,4,321,0,0
2020-04-01,Hiroshima,6,960,1,0
2020-04-01,Yamaguchi,6,287,3,0
2020-04-01,Tokushima,3,144,1,0
2020-04-01,Kagawa,2,243,0,0
2020-04-01,Ehime,9,267,2,0
2020-04-01,Kochi,20,389,12,0
2020-04-01,Fukuoka,52,1069,5,0
2020-04-01,Saga,4,150,0,0
2020-04-01,Nagasaki,5,351,1,0
2020-04-01,Kumamoto,15,925,3,0
2020-04-01,Oita,29,1647,1,0
2020-04-01,Miyazaki,3,284,1,0
2020-04-01,Kagoshima,2,265,0,0
2020-04-01,Okinawa,9,356,2,0
2020-04-02,Hokkaido,185,2218,131,8
2020-04-02,Aomori,9,160,0,0
2020-04-02,Iwate,0,73,0,0
2020-04-02,Miyagi,12,244,1,0
2020-04-02,Akita,7,321,2,0
2020-04-02,Yamagata,1,275,0,0
2020-04-02,Fukushima,8,238,1,0
2020-04-02,Ibaraki,26,1266,0,2
2020-04-02,Tochigi,14,571,2,0
2020-04-02,Gunma,20,542,0,1
2020-04-02,Saitama,113,1476,21,4
2020-04-02,Chiba,181,712,26,1
2020-04-02,Tokyo,690,3402,48,7
2020-04-02,Kanagawa,153,954,28,6
2020-04-02,Niigata,31,1139,10,0
2020-04-02,Toyama,8,137,0,0
2020-04-02,Ishikawa,16,248,5,0
2020-04-02,Fukui,31,233,0,1
2020-04-02,Yamanashi,9,579,2,0
2020-04-02,Nagano,9,596,3,0
2020-04-02,Gifu,22,806,2,0
2020-04-02,Shizuoka,6,957,3,0
2020-04-02,Aichi,186,3123,47,19
2020-04-02,Mie,12,507,2,0
2020-04-02,Shiga,8,259,3,0
2020-04-02,Kyoto,79,1189,18,0
2020-04-02,Osaka,312,1149,71,2
2020-04-02,Hyogo,167,2610,18,11
2020-04-02,Nara,19,355,8,0
2020-04-02,Wakayama,20,1531,14,1
2020-04-02,Tottori,0,201,0,0
2020-04-02,Shimane,0,152,0,0
2020-04-02,Okayama,7,365,0,0
2020-04-02,Hiroshima,6,1023,1,0
2020-04-02,Yamaguchi,6,328,3,0
2020-04-02,Tokushima,3,156,1,0
2020-04-02,Kagawa,2,304,0,0
2020-04-02,Ehime,11,312,2,0
2020-04-02,Kochi,21,417,12,0
2020-04-02,Fukuoka,62,1198,5,0
2020-04-02,Saga,4,153,0,0
2020-04-02,Nagasaki,5,429,1,0
2020-04-02,Kumamoto,15,1036,3,0
2020-04-02,Oita,30,1710,1,0
2020-04-02,Miyazaki,3,326,1,0
2020-04-02,Kagoshima,3,308,0,0
2020-04-02,Okinawa,9,399,2,0
2020-04-03,Hokkaido,190,2296,130,8
2020-04-03,Aomori,11,180,0,0
2020-04-03,Iwate,0,76,0,0
2020-04-03,Miyagi,13,348,1,0
2020-04-03,Akita,9,349,2,0
2020-04-03,Yamagata,1,369,0,0
2020-04-03,Fukushima,9,264,1,0
2020-04-03,Ibaraki,54,1383,1,2
2020-04-03,Tochigi,14,657,3,0
2020-04-03,Gunma,24,860,0,1
2020-04-03,Saitama,131,1547,23,4
2020-04-03,Chiba,192,788,31,1
2020-04-03,Tokyo,779,3806,48,12
2020-04-03,Kanagawa,181,1099,32,6
2020-04-03,Niigata,32,1248,11,0
2020-04-03,Toyama,8,198,0,0
2020-04-03,Ishikawa,24,264,5,0
2020-04-03,Fukui,40,272,0,1
2020-04-03,Yamanashi,9,625,2,0
2020-04-03,Nagano,10,667,4,0
2020-04-03,Gifu,39,827,2,0
2020-04-03,Shizuoka,8,1006,3,0
2020-04-03,Aichi,198,2917,48,19
2020-04-03,Mie,12,598,4,0
2020-04-03,Shiga,14,293,3,0
2020-04-03,Kyoto,91,1398,18,0
2020-04-03,Osaka,347,1251,73,2
2020-04-03,Hyogo,172,2791,51,11
2020-04-03,Nara,21,359,8,0
2020-04-03,Wakayama,21,1571,15,1
2020-04-03,Tottori,0,227,0,0
2020-04-03,Shimane,0,158,0,0
2020-04-03,Okayama,9,390,0,0
2020-04-03,Hiroshima,8,1023,1,0
2020-04-03,Yamaguchi,7,354,3,0
2020-04-03,Tokushima,3,164,1,0
2020-04-03,Kagawa,2,344,0,0
2020-04-03,Ehime,11,350,3,1
2020-04-03,Kochi,21,454,12,0
2020-04-03,Fukuoka,66,1584,5,0
2020-04-03,Saga,5,184,0,0
2020-04-03,Nagasaki,7,505,2,0
2020-04-03,Kumamoto,15,1095,3,0
2020-04-03,Oita,31,1739,6,0
2020-04-03,Miyazaki,4,338,2,0
2020-04-03,Kagoshima,3,346,0,0
2020-04-03,Okinawa,9,430,2,0
2020-04-04,Hokkaido,193,2296,130,8
2020-04-04,Aomori,11,188,0,0
2020-04-04,Iwate,0,76,0,0
2020-04-04,Miyagi,20,348,1,0
2020-04-04,Akita,10,349,2,0
2020-04-04,Yamagata,6,369,0,0
2020-04-04,Fukushima,14,264,1,0
2020-04-04,Ibaraki,59,1383,1,2
2020-04-04,Tochigi,14,657,3,0
2020-04-04,Gunma,25,866,1,1
2020-04-04,Saitama,153,1547,23,4
2020-04-04,Chiba,219,828,31,1
2020-04-04,Tokyo,897,3806,48,12
2020-04-04,Kanagawa,197,1099,32,6
2020-04-04,Niigata,32,1248,11,0
2020-04-04,Toyama,10,198,0,0
2020-04-04,Ishikawa,32,264,5,0
2020-04-04,Fukui,44,275,0,1
2020-04-04,Yamanashi,11,625,2,0
2020-04-04,Nagano,11,669,4,0
2020-04-04,Gifu,43,833,2,1
2020-04-04,Shizuoka,10,1006,3,0
2020-04-04,Aichi,216,2917,48,19
2020-04-04,Mie,12,598,4,0
2020-04-04,Shiga,17,293,3,0
2020-04-04,Kyoto,105,1398,18,0
2020-04-04,Osaka,388,1292,80,2
2020-04-04,Hyogo,182,2805,52,11
2020-04-04,Nara,24,364,8,0
2020-04-04,Wakayama,21,1579,15,1
2020-04-04,Tottori,0,227,0,0
2020-04-04,Shimane,0,161,0,0
2020-04-04,Okayama,10,390,0,0
2020-04-04,Hiroshima,13,1040,1,0
2020-04-04,Yamaguchi,7,396,3,0
2020-04-04,Tokushima,3,164,1,0
2020-04-04,Kagawa,2,344,0,0
2020-04-04,Ehime,12,350,3,1
2020-04-04,Kochi,24,482,12,0
2020-04-04,Fukuoka,67,1594,5,0
2020-04-04,Saga,6,184,0,0
2020-04-04,Nagasaki,8,505,2,0
2020-04-04,Kumamoto,16,1125,3,0
2020-04-04,Oita,31,1739,6,0
2020-04-04,Miyazaki,4,346,2,0
2020-04-04,Kagoshima,3,346,0,0
2020-04-04,Okinawa,9,430,2,0
2020-04-05,Hokkaido,194,2296,130,8
2020-04-05,Aomori,11,199,0,0
2020-04-05,Iwate,0,76,0,0
2020-04-05,Miyagi,23,348,1,0
2020-04-05,Akita,11,349,2,0
2020-04-05,Yamagata,10,369,0,0
2020-04-05,Fukushima,16,264,1,0
2020-04-05,Ibaraki,64,1383,1,2
2020-04-05,Tochigi,14,657,3,0
2020-04-05,Gunma,26,866,1,1
2020-04-05,Saitama,174,1550,23,4
2020-04-05,Chiba,238,876,32,1
2020-04-05,Tokyo,1040,3806,50,12
2020-04-05,Kanagawa,226,1100,32,6
2020-04-05,Niigata,32,1248,11,0
2020-04-05,Toyama,10,198,0,0
2020-04-05,Ishikawa,43,264,5,0
2020-04-05,Fukui,51,310,0,2
2020-04-05,Yamanashi,13,625,2,0
2020-04-05,Nagano,12,670,4,0
2020-04-05,Gifu,50,842,2,1
2020-04-05,Shizuoka,10,1006,3,0
2020-04-05,Aichi,227,2917,48,20
2020-04-05,Mie,13,598,4,0
2020-04-05,Shiga,18,293,3,0
2020-04-05,Kyoto,111,1405,18,0
2020-04-05,Osaka,409,1311,82,3
2020-04-05,Hyogo,195,2805,52,11
2020-04-05,Nara,25,368,8,0
2020-04-05,Wakayama,25,1580,15,1
2020-04-05,Tottori,0,227,0,0
2020-04-05,Shimane,0,163,0,0
2020-04-05,Okayama,11,390,0,0
2020-04-05,Hiroshima,16,1053,1,0
2020-04-05,Yamaguchi,8,409,3,0
2020-04-05,Tokushima,3,164,1,0
2020-04-05,Kagawa,2,344,0,0
2020-04-05,Ehime,12,350,3,1
2020-04-05,Kochi,31,498,12,0
2020-04-05,Fukuoka,109,1595,6,0
2020-04-05,Saga,8,189,1,0
2020-04-05,Nagasaki,9,505,2,0
2020-04-05,Kumamoto,20,1144,3,0
2020-04-05,Oita,31,1739,6,0
2020-04-05,Miyazaki,6,356,2,0
2020-04-05,Kagoshima,3,346,0,0
2020-04-05,Okinawa,9,430,2,0
2020-04-06,Hokkaido,194,2445,141,9
2020-04-06,Aomori,11,233,0,0
2020-04-06,Iwate,0,86,0,0
2020-04-06,Miyagi,26,514,1,0
2020-04-06,Akita,11,419,2,0
2020-04-06,Yamagata,13,434,0,0
2020-04-06,Fukushima,16,328,1,0
2020-04-06,Ibaraki,71,1806,1,2
2020-04-06,Tochigi,14,759,3,0
2020-04-06,Gunma,26,1361,1,1
2020-04-06,Saitama,195,1647,23,4
2020-04-06,Chiba,253,1297,32,1
2020-04-06,Tokyo,1123,4422,58,16
2020-04-06,Kanagawa,261,1799,32,6
2020-04-06,Niigata,32,1345,11,0
2020-04-06,Toyama,11,381,0,0
2020-04-06,Ishikawa,45,384,5,0
2020-04-06,Fukui,57,335,1,2
2020-04-06,Yamanashi,14,749,2,0
2020-04-06,Nagano,14,736,4,0
2020-04-06,Gifu,51,966,2,1
2020-04-06,Shizuoka,10,1203,3,0
2020-04-06,Aichi,237,3236,52,21
2020-04-06,Mie,13,759,4,0
2020-04-06,Shiga,18,334,3,0
2020-04-06,Kyoto,119,1472,18,0
2020-04-06,Osaka,429,1751,83,3
2020-04-06,Hyogo,201,3054,53,12
2020-04-06,Nara,26,374,8,0
2020-04-06,Wakayama,27,1642,15,1
2020-04-06,Tottori,0,242,0,0
2020-04-06,Shimane,0,166,0,0
2020-04-06,Okayama,11,479,0,0
2020-04-06,Hiroshima,16,1348,1,0
2020-04-06,Yamaguchi,12,449,3,0
2020-04-06,Tokushima,3,174,1,0
2020-04-06,Kagawa,2,371,0,0
2020-04-06,Ehime,14,407,4,1
2020-04-06,Kochi,34,565,12,0
2020-04-06,Fukuoka,113,2415,6,0
2020-04-06,Saga,8,223,1,0
2020-04-06,Nagasaki,9,665,2,0
2020-04-06,Kumamoto,20,1420,3,0
2020-04-06,Oita,32,1843,8,0
2020-04-06,Miyazaki,7,425,3,0
2020-04-06,Kagoshima,3,414,0,0
2020-04-06,Okinawa,15,480,2,0
2020-04-07,Hokkaido,198,2476,143,9
2020-04-07,Aomori,11,249,0,0
2020-04-07,Iwate,0,104,0,0
2020-04-07,Miyagi,27,609,1,0
2020-04-07,Akita,11,443,2,0
2020-04-07,Yamagata,19,527,0,0
2020-04-07,Fukushima,24,346,1,0
2020-04-07,Ibaraki,77,1927,1,2
2020-04-07,Tochigi,15,784,3,0
2020-04-07,Gunma,29,1380,1,1
2020-04-07,Saitama,209,1776,23,4
2020-04-07,Chiba,284,3069,32,1
2020-04-07,Tokyo,1203,4757,58,16
2020-04-07,Kanagawa,279,1996,35,7
2020-04-07,Niigata,34,1413,15,0
2020-04-07,Toyama,12,435,0,0
2020-04-07,Ishikawa,51,430,5,0
2020-04-07,Fukui,57,378,1,2
2020-04-07,Yamanashi,19,828,2,0
2020-04-07,Nagano,14,762,3,0
2020-04-07,Gifu,51,988,3,1
2020-04-07,Shizuoka,10,1221,3,0
2020-04-07,Aichi,258,3295,52,21
2020-04-07,Mie,13,781,4,0
2020-04-07,Shiga,18,379,3,0
2020-04-07,Kyoto,139,1683,18,0
2020-04-07,Osaka,482,1792,83,3
2020-04-07,Hyogo,216,3151,53,12
2020-04-07,Nara,28,452,8,0
2020-04-07,Wakayama,28,1702,15,1
2020-04-07,Tottori,0,249,0,0
2020-04-07,Shimane,0,170,0,0
2020-04-07,Okayama,12,496,0,0
2020-04-07,Hiroshima,19,1380,1,0
2020-04-07,Yamaguchi,13,455,3,0
2020-04-07,Tokushima,3,193,1,0
2020-04-07,Kagawa,2,398,0,0
2020-04-07,Ehime,23,418,4,1
2020-04-07,Kochi,36,591,12,0
2020-04-07,Fukuoka,136,2718,7,0
2020-04-07,Saga,9,245,1,0
2020-04-07,Nagasaki,9,709,2,0
2020-04-07,Kumamoto,21,1461,3,0
2020-04-07,Oita,32,1862,8,0
2020-04-07,Miyazaki,7,453,3,0
2020-04-07,Kagoshima,3,449,0,0
2020-04-07,Okinawa,27,521,2,0
2020-04-08,Hokkaido,208,2488,146,9
2020-04-08,Aomori,12,260,0,0
2020-04-08,Iwate,0,119,0,0
2020-04-08,Miyagi,34,558,1,0
2020-04-08,Akita,11,463,2,0
2020-04-08,Yamagata,22,663,0,0
2020-04-08,Fukushima,29,412,1,0
2020-04-08,Ibaraki,77,1927,4,2
2020-04-08,Tochigi,21,831,5,0
2020-04-08,Gunma,29,1423,2,1
2020-04-08,Saitama,242,1839,23,4
2020-04-08,Chiba,317,1500,32,1
2020-04-08,Tokyo,1347,4992,57,18
2020-04-08,Kanagawa,327,2203,37,6
2020-04-08,Niigata,37,1462,18,0
2020-04-08,Toyama,14,499,0,0
2020-04-08,Ishikawa,66,472,5,0
2020-04-08,Fukui,67,407,1,2
2020-04-08,Yamanashi,22,887,2,0
2020-04-08,Nagano,19,783,3,0
2020-04-08,Gifu,69,1046,3,1
2020-04-08,Shizuoka,15,1295,3,0
2020-04-08,Aichi,278,3467,52,21
2020-04-08,Mie,13,824,5,0
2020-04-08,Shiga,24,409,3,0
2020-04-08,Kyoto,149,1787,23,0
2020-04-08,Osaka,525,1792,116,6
2020-04-08,Hyogo,216,3327,53,12
2020-04-08,Nara,30,482,8,0
2020-04-08,Wakayama,29,1756,15,1
2020-04-08,Tottori,0,258,0,0
2020-04-08,Shimane,0,185,0,0
2020-04-08,Okayama,15,534,0,0
2020-04-08,Hiroshima,23,1486,1,0
2020-04-08,Yamaguchi,17,513,3,0
2020-04-08,Tokushima,3,206,1,0
2020-04-08,Kagawa,3,415,0,0
2020-04-08,Ehime,25,450,4,1
2020-04-08,Kochi,37,646,12,0
2020-04-08,Fukuoka,161,3106,7,0
2020-04-08,Saga,11,271,1,0
2020-04-08,Nagasaki,12,813,2,0
2020-04-08,Kumamoto,23,1552,3,0
2020-04-08,Oita,41,1907,8,0
2020-04-08,Miyazaki,12,498,3,0
2020-04-08,Kagoshima,3,483,0,0
2020-04-08,Okinawa,32,588,3,0
2020-04-09,Hokkaido,226,2488,145,10
2020-04-09,Aomori,14,278,0,0
2020-04-09,Iwate,0,127,0,0
2020-04-09,Miyagi,36,558,1,0
2020-04-09,Akita,11,484,2,0
2020-04-09,Yamagata,27,663,0,0
2020-04-09,Fukushima,33,482,2,0
2020-04-09,Ibaraki,81,2140,4,2
2020-04-09,Tochigi,31,871,5,0
2020-04-09,Gunma,33,1466,4,1
2020-04-09,Saitama,271,1934,25,5
2020-04-09,Chiba,342,1500,35,1
2020-04-09,Tokyo,1528,4992,57,18
2020-04-09,Kanagawa,375,2203,37,6
2020-04-09,Niigata,39,1443,17,0
2020-04-09,Toyama,16,602,0,0
2020-04-09,Ishikawa,72,494,5,0
2020-04-09,Fukui,72,455,3,2
2020-04-09,Yamanashi,24,946,2,0
2020-04-09,Nagano,21,841,3,0
2020-04-09,Gifu,76,1110,5,1
2020-04-09,Shizuoka,16,1389,3,0
2020-04-09,Aichi,299,3467,53,21
2020-04-09,Mie,15,861,5,0
2020-04-09,Shiga,26,453,3,0
2020-04-09,Kyoto,159,1867,29,1
2020-04-09,Osaka,589,1792,118,6
2020-04-09,Hyogo,273,3496,58,12
2020-04-09,Nara,34,509,8,0
2020-04-09,Wakayama,32,1756,15,1
2020-04-09,Tottori,0,277,0,0
2020-04-09,Shimane,1,191,0,0
2020-04-09,Okayama,16,564,0,0
2020-04-09,Hiroshima,25,1638,3,0
2020-04-09,Yamaguchi,17,528,3,0
2020-04-09,Tokushima,3,217,1,0
2020-04-09,Kagawa,3,441,0,0
2020-04-09,Ehime,26,485,4,1
2020-04-09,Kochi,47,709,12,0
2020-04-09,Fukuoka,187,3873,7,0
2020-04-09,Saga,11,334,1,0
2020-04-09,Nagasaki,14,880,2,0
2020-04-09,Kumamoto,23,1639,4,0
2020-04-09,Oita,41,2035,10,0
2020-04-09,Miyazaki,16,545,3,0
2020-04-09,Kagoshima,3,483,0,0
2020-04-09,Okinawa,42,619,3,0
2020-04-10,Hokkaido,239,2690,148,11
2020-04-10,Aomori,14,313,3,0
2020-04-10,Iwate,0,136,0,0
2020-04-10,Miyagi,37,660,1,0
2020-04-10,Akita,12,491,5,0
2020-04-10,Yamagata,27,782,0,0
2020-04-10,Fukushima,36,541,3,0
2020-04-10,Ibaraki,82,2221,7,3
2020-04-10,Tochigi,31,1003,5,0
2020-04-10,Gunma,35,1490,5,1
2020-04-10,Saitama,325,1973,25,5
2020-04-10,Chiba,375,1691,37,2
2020-04-10,Tokyo,1717,5660,57,19
2020-04-10,Kanagawa,425,2600,44,6
2020-04-10,Niigata,41,1587,24,0
2020-04-10,Toyama,23,639,0,0
2020-04-10,Ishikawa,92,562,5,0
2020-04-10,Fukui,76,511,6,2
2020-04-10,Yamanashi,27,1013,2,0
2020-04-10,Nagano,28,892,3,0
2020-04-10,Gifu,82,1182,5,1
2020-04-10,Shizuoka,34,1426,3,0
2020-04-10,Aichi,313,3990,63,22
2020-04-10,Mie,15,906,5,0
2020-04-10,Shiga,34,487,3,0
2020-04-10,Kyoto,168,1968,29,1
2020-04-10,Osaka,697,2133,121,6
2020-04-10,Hyogo,316,3691,59,12
2020-04-10,Nara,37,523,8,0
2020-04-10,Wakayama,33,1877,15,1
2020-04-10,Tottori,1,299,0,0
2020-04-10,Shimane,2,205,0,0
2020-04-10,Okayama,16,595,1,0
2020-04-10,Hiroshima,25,1714,3,0
2020-04-10,Yamaguchi,17,557,3,0
2020-04-10,Tokushima,3,228,1,0
2020-04-10,Kagawa,4,480,0,0
2020-04-10,Ehime,28,545,4,1
2020-04-10,Kochi,52,781,12,0
2020-04-10,Fukuoka,224,4109,7,0
2020-04-10,Saga,12,356,1,0
2020-04-10,Nagasaki,14,933,2,0
2020-04-10,Kumamoto,23,1693,4,1
2020-04-10,Oita,42,2070,10,0
2020-04-10,Miyazaki,16,585,3,0
2020-04-10,Kagoshima,3,523,0,0
2020-04-10,Okinawa,49,680,3,0
2020-04-11,Hokkaido,255,2836,158,11
2020-04-11,Aomori,22,313,3,0
2020-04-11,Iwate,0,136,0,0
2020-04-11,Miyagi,46,660,1,0
2020-04-11,Akita,13,491,5,0
2020-04-11,Yamagata,32,782,0,0
2020-04-11,Fukushima,37,541,3,0
2020-04-11,Ibaraki,91,2221,8,3
2020-04-11,Tochigi,32,1003,5,0
2020-04-11,Gunma,79,1495,5,2
2020-04-11,Saitama,345,2216,25,5
2020-04-11,Chiba,411,1743,38,4
2020-04-11,Tokyo,1914,5660,57,19
2020-04-11,Kanagawa,465,2604,44,6
2020-04-11,Niigata,41,1587,24,0
2020-04-11,Toyama,23,646,0,0
2020-04-11,Ishikawa,104,562,5,0
2020-04-11,Fukui,86,515,6,2
2020-04-11,Yamanashi,32,1013,2,0
2020-04-11,Nagano,28,899,3,0
2020-04-11,Gifu,91,1185,5,1
2020-04-11,Shizuoka,39,1426,3,0
2020-04-11,Aichi,340,3990,63,22
2020-04-11,Mie,17,906,5,0
2020-04-11,Shiga,38,487,3,0
2020-04-11,Kyoto,181,1968,33,1
2020-04-11,Osaka,767,2362,121,6
2020-04-11,Hyogo,358,3830,59,13
2020-04-11,Nara,39,539,8,0
2020-04-11,Wakayama,33,1989,17,1
2020-04-11,Tottori,1,299,0,0
2020-04-11,Shimane,6,205,0,0
2020-04-11,Okayama,16,595,1,0
2020-04-11,Hiroshima,31,1754,3,0
2020-04-11,Yamaguchi,19,557,3,0
2020-04-11,Tokushima,3,228,3,0
2020-04-11,Kagawa,4,480,1,0
2020-04-11,Ehime,30,545,4,1
2020-04-11,Kochi,54,814,13,0
2020-04-11,Fukuoka,332,4137,7,0
2020-04-11,Saga,12,367,1,0
2020-04-11,Nagasaki,14,933,2,0
2020-04-11,Kumamoto,23,1728,4,1
2020-04-11,Oita,42,2070,10,0
2020-04-11,Miyazaki,17,612,3,0
2020-04-11,Kagoshima,4,523,0,0
2020-04-11,Okinawa,49,680,3,0
2020-04-12,Hokkaido,267,2836,158,11
2020-04-12,Aomori,22,313,3,0
2020-04-12,Iwate,0,136,0,0
2020-04-12,Miyagi,52,660,2,0
2020-04-12,Akita,15,491,5,0
2020-04-12,Yamagata,34,782,0,0
2020-04-12,Fukushima,38,541,3,0
2020-04-12,Ibaraki,109,2221,9,3
2020-04-12,Tochigi,35,1003,5,0
2020-04-12,Gunma,90,1495,5,2
2020-04-12,Saitama,386,2216,26,5
2020-04-12,Chiba,455,1743,39,4
2020-04-12,Tokyo,2080,5660,57,19
2020-04-12,Kanagawa,478,2604,44,7
2020-04-12,Niigata,42,1587,24,0
2020-04-12,Toyama,30,646,0,0
2020-04-12,Ishikawa,113,562,5,0
2020-04-12,Fukui,88,515,6,2
2020-04-12,Yamanashi,35,1013,2,0
2020-04-12,Nagano,29,899,3,0
2020-04-12,Gifu,105,1185,5,1
2020-04-12,Shizuoka,41,1426,3,0
2020-04-12,Aichi,319,3990,63,22
2020-04-12,Mie,17,906,9,0
2020-04-12,Shiga,38,487,3,0
2020-04-12,Kyoto,193,1968,33,3
2020-04-12,Osaka,812,2362,127,6
2020-04-12,Hyogo,375,3830,59,13
2020-04-12,Nara,41,539,8,0
2020-04-12,Wakayama,34,1989,17,1
2020-04-12,Tottori,1,299,0,0
2020-04-12,Shimane,7,205,0,0
2020-04-12,Okayama,16,595,1,0
2020-04-12,Hiroshima,56,1754,3,0
2020-04-12,Yamaguchi,23,557,3,0
2020-04-12,Tokushima,3,228,3,0
2020-04-12,Kagawa,8,480,1,0
2020-04-12,Ehime,30,545,4,2
2020-04-12,Kochi,60,814,14,0
2020-04-12,Fukuoka,362,4137,7,0
2020-04-12,Saga,13,367,1,0
2020-04-12,Nagasaki,14,933,2,0
2020-04-12,Kumamoto,28,1728,4,1
2020-04-12,Oita,42,2070,10,0
2020-04-12,Miyazaki,17,612,3,0
2020-04-12,Kagoshima,4,523,0,0
2020-04-12,Okinawa,66,680,3,0
2020-04-13,Hokkaido,272,3257,161,11
2020-04-13,Aomori,22,391,4,0
2020-04-13,Iwate,0,155,0,0
2020-04-13,Miyagi,54,816,5,0
2020-04-13,Akita,15,555,5,0
2020-04-13,Yamagata,35,932,0,0
2020-04-13,Fukushima,38,701,3,0
2020-04-13,Ibaraki,110,2501,10,3
2020-04-13,Tochigi,36,1082,7,0
2020-04-13,Gunma,91,1717,5,2
2020-04-13,Saitama,414,2415,26,5
2020-04-13,Chiba,474,2329,39,4
2020-04-13,Tokyo,2171,6327,57,19
2020-04-13,Kanagawa,572,3116,55,12
2020-04-13,Niigata,42,1670,25,0
2020-04-13,Toyama,49,910,1,0
2020-04-13,Ishikawa,121,718,5,0
2020-04-13,Fukui,92,710,7,2
2020-04-13,Yamanashi,35,1157,2,0
2020-04-13,Nagano,34,1068,4,0
2020-04-13,Gifu,112,1442,5,1
2020-04-13,Shizuoka,46,1606,3,0
2020-04-13,Aichi,328,4201,63,23
2020-04-13,Mie,17,995,11,0
2020-04-13,Shiga,40,552,5,0
2020-04-13,Kyoto,205,2225,33,3
2020-04-13,Osaka,836,3073,147,6
2020-04-13,Hyogo,384,4250,59,14
2020-04-13,Nara,44,618,8,0
2020-04-13,Wakayama,34,2092,17,1
2020-04-13,Tottori,1,378,0,0
2020-04-13,Shimane,8,366,0,0
2020-04-13,Okayama,16,669,1,0
2020-04-13,Hiroshima,57,2091,3,0
2020-04-13,Yamaguchi,24,657,5,0
2020-04-13,Tokushima,3,236,3,0
2020-04-13,Kagawa,16,546,1,0
2020-04-13,Ehime,37,631,4,2
2020-04-13,Kochi,60,913,16,0
2020-04-13,Fukuoka,373,5051,7,0
2020-04-13,Saga,13,405,1,0
2020-04-13,Nagasaki,14,1106,2,0
2020-04-13,Kumamoto,28,1877,5,1
2020-04-13,Oita,43,2161,10,0
2020-04-13,Miyazaki,17,703,3,0
2020-04-13,Kagoshima,4,614,0,0
2020-04-13,Okinawa,72,816,3,0
2020-04-14,Hokkaido,279,3297,161,12
2020-04-14,Aomori,22,410,5,0
2020-04-14,Iwate,0,170,0,0
2020-04-14,Miyagi,64,852,5,0
2020-04-14,Akita,16,603,5,0
2020-04-14,Yamagata,39,1055,0,0
2020-04-14,Fukushima,39,706,3,0
2020-04-14,Ibaraki,116,2719,10,3
2020-04-14,Tochigi,38,1121,7,0
2020-04-14,Gunma,97,1787,5,2
2020-04-14,Saitama,433,3056,27,7
2020-04-14,Chiba,490,2447,45,5
2020-04-14,Tokyo,2332,6563,59,19
2020-04-14,Kanagawa,594,3306,55,14
2020-04-14,Niigata,45,1787,25,0
2020-04-14,Toyama,54,956,1,0
2020-04-14,Ishikawa,131,778,5,1
2020-04-14,Fukui,92,765,8,2
2020-04-14,Yamanashi,36,1205,2,0
2020-04-14,Nagano,35,1106,4,0
2020-04-14,Gifu,127,1519,6,1
2020-04-14,Shizuoka,46,1647,3,0
2020-04-14,Aichi,338,4250,63,24
2020-04-14,Mie,19,1002,11,0
2020-04-14,Shiga,51,599,5,0
2020-04-14,Kyoto,210,2275,34,3
2020-04-14,Osaka,895,3140,152,7
2020-04-14,Hyogo,403,4403,61,15
2020-04-14,Nara,47,641,8,0
2020-04-14,Wakayama,35,2119,17,1
2020-04-14,Tottori,1,432,0,0
2020-04-14,Shimane,10,442,0,0
2020-04-14,Okayama,16,688,1,0
2020-04-14,Hiroshima,66,2276,3,0
2020-04-14,Yamaguchi,25,738,5,0
2020-04-14,Tokushima,3,248,3,0
2020-04-14,Kagawa,20,637,1,0
2020-04-14,Ehime,39,653,4,2
2020-04-14,Kochi,60,935,16,0
2020-04-14,Fukuoka,403,5195,32,0
2020-04-14,Saga,15,422,1,0
2020-04-14,Nagasaki,14,1142,2,0
2020-04-14,Kumamoto,29,1944,5,1
2020-04-14,Oita,43,2172,13,0
2020-04-14,Miyazaki,17,733,3,0
2020-04-14,Kagoshima,4,628,0,0
2020-04-14,Okinawa,76,856,3,0
2020-04-15,Hokkaido,302,3473,161,13
2020-04-15,Aomori,22,433,5,0
2020-04-15,Iwate,0,181,0,0
2020-04-15,Miyagi,65,992,6,0
2020-04-15,Akita,16,666,5,0
2020-04-15,Yamagata,45,1118,0,0
2020-04-15,Fukushima,40,786,3,0
2020-04-15,Ibaraki,119,2883,10,5
2020-04-15,Tochigi,39,1167,7,0
2020-04-15,Gunma,107,1866,5,4
2020-04-15,Saitama,479,3635,28,7
2020-04-15,Chiba,525,2688,45,5
2020-04-15,Tokyo,2457,6654,59,19
2020-04-15,Kanagawa,614,3476,55,15
2020-04-15,Niigata,46,1874,25,0
2020-04-15,Toyama,54,1021,1,0
2020-04-15,Ishikawa,140,826,5,4
2020-04-15,Fukui,100,865,8,2
2020-04-15,Yamanashi,39,1295,2,0
2020-04-15,Nagano,36,1159,4,0
2020-04-15,Gifu,128,1626,12,1
2020-04-15,Shizuoka,47,1790,3,0
2020-04-15,Aichi,350,4784,66,24
2020-04-15,Mie,20,1039,11,0
2020-04-15,Shiga,52,636,5,0
2020-04-15,Kyoto,215,2362,37,3
2020-04-15,Osaka,969,3504,155,8
2020-04-15,Hyogo,423,4640,61,15
2020-04-15,Nara,53,676,9,1
2020-04-15,Wakayama,37,2197,19,1
2020-04-15,Tottori,1,446,0,0
2020-04-15,Shimane,13,517,0,0
2020-04-15,Okayama,16,722,1,0
2020-04-15,Hiroshima,67,2334,3,0
2020-04-15,Yamaguchi,28,773,5,0
2020-04-15,Tokushima,3,259,3,0
2020-04-15,Kagawa,20,721,1,0
2020-04-15,Ehime,40,680,4,2
2020-04-15,Kochi,62,1007,16,0
2020-04-15,Fukuoka,433,5667,45,6
2020-04-15,Saga,17,451,1,0
2020-04-15,Nagasaki,15,1221,2,0
2020-04-15,Kumamoto,31,2056,5,1
2020-04-15,Oita,50,2239,13,0
2020-04-15,Miyazaki,17,790,4,0
2020-04-15,Kagoshima,4,699,0,0
2020-04-15,Okinawa,86,931,3,0
2020-04-16,Hokkaido,336,3625,163,14
2020-04-16,Aomori,22,447,5,0
2020-04-16,Iwate,0,205,0,0
2020-04-16,Miyagi,75,1109,8,0
2020-04-16,Akita,16,688,5,0
2020-04-16,Yamagata,50,1276,0,0
2020-04-16,Fukushima,49,924,3,0
2020-04-16,Ibaraki,123,2883,10,5
2020-04-16,Tochigi,42,1233,8,0
2020-04-16,Gunma,109,1924,5,4
2020-04-16,Saitama,535,3836,32,9
2020-04-16,Chiba,539,3006,51,6
2020-04-16,Tokyo,2606,6814,59,19
2020-04-16,Kanagawa,673,3682,55,16
2020-04-16,Niigata,47,1910,29,0
2020-04-16,Toyama,65,1177,2,0
2020-04-16,Ishikawa,146,903,5,4
2020-04-16,Fukui,103,918,8,2
2020-04-16,Yamanashi,43,1367,9,0
2020-04-16,Nagano,45,1219,4,0
2020-04-16,Gifu,132,1727,16,1
2020-04-16,Shizuoka,48,1867,5,0
2020-04-16,Aichi,364,5008,66,24
2020-04-16,Mie,26,1092,11,1
2020-04-16,Shiga,57,715,8,1
2020-04-16,Kyoto,225,2464,39,3
2020-04-16,Osaka,1021,3903,175,8
2020-04-16,Hyogo,453,4851,63,17
2020-04-16,Nara,54,733,9,1
2020-04-16,Wakayama,38,2239,19,1
2020-04-16,Tottori,1,477,0,0
2020-04-16,Shimane,14,558,0,0
2020-04-16,Okayama,18,748,1,0
2020-04-16,Hiroshima,118,2733,3,0
2020-04-16,Yamaguchi,29,885,5,0
2020-04-16,Tokushima,3,277,3,0
2020-04-16,Kagawa,21,833,1,0
2020-04-16,Ehime,41,708,4,2
2020-04-16,Kochi,62,1039,18,1
2020-04-16,Fukuoka,459,6110,52,6
2020-04-16,Saga,15,489,1,0
2020-04-16,Nagasaki,16,1258,2,0
2020-04-16,Kumamoto,31,2131,5,1
2020-04-16,Oita,50,2325,17,1
2020-04-16,Miyazaki,17,802,4,0
2020-04-16,Kagoshima,4,657,1,0
2020-04-16,Okinawa,86,1025,6,1
2020-04-17,Hokkaido,370,3735,171,14
2020-04-17,Aomori,22,468,5,0
2020-04-17,Iwate,0,212,0,0
2020-04-17,Miyagi,79,1203,8,0
2020-04-17,Akita,16,706,5,0
2020-04-17,Yamagata,58,1415,0,0
2020-04-17,Fukushima,52,924,3,0
2020-04-17,Ibaraki,131,3159,11,5
2020-04-17,Tochigi,44,1328,8,0
2020-04-17,Gunma,114,1959,5,4
2020-04-17,Saitama,575,3836,32,9
2020-04-17,Chiba,609,3286,54,6
2020-04-17,Tokyo,2807,7244,59,19
2020-04-17,Kanagawa,710,3888,54,17
2020-04-17,Niigata,53,2024,29,0
2020-04-17,Toyama,69,1274,2,0
2020-04-17,Ishikawa,160,977,5,4
2020-04-17,Fukui,104,955,8,2
2020-04-17,Yamanashi,46,1435,9,0
2020-04-17,Nagano,47,1271,4,0
2020-04-17,Gifu,136,1892,16,2
2020-04-17,Shizuoka,51,2011,5,0
2020-04-17,Aichi,374,5008,66,24
2020-04-17,Mie,32,1144,11,1
2020-04-17,Shiga,68,760,10,1
2020-04-17,Kyoto,235,2565,53,3
2020-04-17,Osaka,1076,4373,182,9
2020-04-17,Hyogo,480,5060,63,17
2020-04-17,Nara,56,777,12,1
2020-04-17,Wakayama,39,2263,19,1
2020-04-17,Tottori,1,543,0,0
2020-04-17,Shimane,15,606,0,0
2020-04-17,Okayama,18,775,1,0
2020-04-17,Hiroshima,124,2733,8,0
2020-04-17,Yamaguchi,30,977,5,0
2020-04-17,Tokushima,3,298,3,0
2020-04-17,Kagawa,24,967,1,0
2020-04-17,Ehime,41,708,4,2
2020-04-17,Kochi,63,1039,18,1
2020-04-17,Fukuoka,476,6414,66,9
2020-04-17,Saga,16,513,1,0
2020-04-17,Nagasaki,17,1325,2,0
2020-04-17,Kumamoto,35,2204,6,1
2020-04-17,Oita,54,2399,17,1
2020-04-17,Miyazaki,17,841,4,0
2020-04-17,Kagoshima,6,732,1,0
2020-04-17,Okinawa,101,1030,6,1
2020-04-18,Hokkaido,407,3768,171,16
2020-04-18,Aomori,22,483,6,0
2020-04-18,Iwate,0,212,0,0
2020-04-18,Miyagi,83,1203,8,0
2020-04-18,Akita,16,706,5,0
2020-04-18,Yamagata,60,1415,10,0
2020-04-18,Fukushima,60,924,3,0
2020-04-18,Ibaraki,135,3159,14,5
2020-04-18,Tochigi,44,1330,8,0
2020-04-18,Gunma,120,1970,5,4
2020-04-18,Saitama,610,3836,32,9
2020-04-18,Chiba,643,3308,67,7
2020-04-18,Tokyo,2988,7244,59,19
2020-04-18,Kanagawa,754,3911,68,16
2020-04-18,Niigata,56,2024,29,0
2020-04-18,Toyama,79,1274,2,0
2020-04-18,Ishikawa,173,977,5,4
2020-04-18,Fukui,106,955,8,4
2020-04-18,Yamanashi,48,1435,9,0
2020-04-18,Nagano,47,1273,4,0
2020-04-18,Gifu,137,1892,16,2
2020-04-18,Shizuoka,50,2011,8,0
2020-04-18,Aichi,391,5008,66,24
2020-04-18,Mie,35,1144,11,1
2020-04-18,Shiga,70,760,10,1
2020-04-18,Kyoto,242,2565,53,3
2020-04-18,Osaka,1164,4383,220,10
2020-04-18,Hyogo,502,5070,65,17
2020-04-18,Nara,60,777,12,1
2020-04-18,Wakayama,40,2274,19,1
2020-04-18,Tottori,3,543,0,0
2020-04-18,Shimane,15,649,0,0
2020-04-18,Okayama,18,775,3,0
2020-04-18,Hiroshima,129,2764,11,0
2020-04-18,Yamaguchi,30,1027,5,0
2020-04-18,Tokushima,3,298,3,0
2020-04-18,Kagawa,24,967,1,0
2020-04-18,Ehime,44,708,5,3
2020-04-18,Kochi,64,1084,18,1
2020-04-18,Fukuoka,500,6442,66,10
2020-04-18,Saga,16,583,1,0
2020-04-18,Nagasaki,17,1325,2,0
2020-04-18,Kumamoto,35,2208,6,1
2020-04-18,Oita,54,2426,17,1
2020-04-18,Miyazaki,17,841,4,0
2020-04-18,Kagoshima,7,734,1,0
2020-04-18,Okinawa,101,1030,6,1
2020-04-19,Hokkaido,434,3987,171,18
2020-04-19,Aomori,22,494,6,0
2020-04-19,Iwate,0,234,0,0
2020-04-19,Miyagi,83,1203,8,0
2020-04-19,Akita,16,706,5,0
2020-04-19,Yamagata,61,1415,10,0
2020-04-19,Fukushima,62,1075,3,0
2020-04-19,Ibaraki,139,3159,16,5
2020-04-19,Tochigi,46,1330,8,0
2020-04-19,Gunma,122,1973,14,5
2020-04-19,Saitama,642,4618,32,9
2020-04-19,Chiba,661,3411,71,8
2020-04-19,Tokyo,3095,7726,59,19
2020-04-19,Kanagawa,784,3912,73,17
2020-04-19,Niigata,56,2024,29,0
2020-04-19,Toyama,92,1274,4,1
2020-04-19,Ishikawa,178,977,5,4
2020-04-19,Fukui,112,955,23,4
2020-04-19,Yamanashi,49,1435,9,0
2020-04-19,Nagano,52,1273,4,0
2020-04-19,Gifu,139,1892,16,3
2020-04-19,Shizuoka,52,2040,8,0
2020-04-19,Aichi,401,5175,66,25
2020-04-19,Mie,36,1144,11,1
2020-04-19,Shiga,71,760,10,1
2020-04-19,Kyoto,251,2565,70,3
2020-04-19,Osaka,1212,4535,233,12
2020-04-19,Hyogo,513,5280,65,17
2020-04-19,Nara,62,777,14,1
2020-04-19,Wakayama,46,2312,20,1
2020-04-19,Tottori,3,543,0,0
2020-04-19,Shimane,16,680,0,0
2020-04-19,Okayama,19,887,3,0
2020-04-19,Hiroshima,132,3010,11,0
2020-04-19,Yamaguchi,30,1049,11,0
2020-04-19,Tokushima,3,336,3,0
2020-04-19,Kagawa,25,967,1,0
2020-04-19,Ehime,45,708,8,3
2020-04-19,Kochi,68,1131,18,1
2020-04-19,Fukuoka,516,6447,66,10
2020-04-19,Saga,17,594,1,0
2020-04-19,Nagasaki,17,1325,2,0
2020-04-19,Kumamoto,39,2274,6,1
2020-04-19,Oita,54,2426,18,1
2020-04-19,Miyazaki,17,841,4,0
2020-04-19,Kagoshima,8,734,1,0
2020-04-19,Okinawa,110,1213,6,1
2020-04-20,Hokkaido,451,4245,171,18
2020-04-20,Aomori,22,474,9,0
2020-04-20,Iwate,0,236,0,0
2020-04-20,Miyagi,84,1369,8,0
2020-04-20,Akita,16,736,5,0
2020-04-20,Yamagata,64,1597,15,0
2020-04-20,Fukushima,64,1131,14,0
2020-04-20,Ibaraki,143,3343,16,6
2020-04-20,Tochigi,49,1481,8,0
2020-04-20,Gunma,124,2103,14,5
2020-04-20,Saitama,662,4732,32,9
2020-04-20,Chiba,683,3803,77,8
2020-04-20,Tokyo,3197,8198,59,19
2020-04-20,Kanagawa,802,3912,88,19
2020-04-20,Niigata,56,2107,29,0
2020-04-20,Toyama,114,1454,8,2
2020-04-20,Ishikawa,180,1115,14,4
2020-04-20,Fukui,113,1054,26,4
2020-04-20,Yamanashi,49,1653,9,0
2020-04-20,Nagano,52,1401,6,0
2020-04-20,Gifu,139,2119,24,3
2020-04-20,Shizuoka,52,2089,8,0
2020-04-20,Aichi,406,5535,66,27
2020-04-20,Mie,39,1397,11,1
2020-04-20,Shiga,72,776,13,1
2020-04-20,Kyoto,259,2811,77,5
2020-04-20,Osaka,1297,4938,233,13
2020-04-20,Hyogo,524,5610,65,17
2020-04-20,Nara,64,919,14,1
2020-04-20,Wakayama,46,2339,20,1
2020-04-20,Tottori,3,711,0,0
2020-04-20,Shimane,16,681,0,0
2020-04-20,Okayama,19,930,4,0
2020-04-20,Hiroshima,137,3010,12,0
2020-04-20,Yamaguchi,30,1119,15,0
2020-04-20,Tokushima,3,336,3,0
2020-04-20,Kagawa,26,967,1,0
2020-04-20,Ehime,46,844,9,3
2020-04-20,Kochi,69,1167,22,2
2020-04-20,Fukuoka,524,7263,87,13
2020-04-20,Saga,17,587,1,0
2020-04-20,Nagasaki,18,1461,4,0
2020-04-20,Kumamoto,40,2350,7,1
2020-04-20,Oita,55,2657,19,1
2020-04-20,Miyazaki,17,925,4,0
2020-04-20,Kagoshima,10,841,1,0
2020-04-20,Okinawa,121,1292,11,3
2020-04-21,Hokkaido,473,4554,179,21
2020-04-21,Aomori,22,487,10,0
2020-04-21,Iwate,0,242,0,0
2020-04-21,Miyagi,84,1387,14,0
2020-04-21,Akita,16,753,5,0
2020-04-21,Yamagata,64,1657,17,0
2020-04-21,Fukushima,64,1230,15,0
2020-04-21,Ibaraki,146,3571,17,6
2020-04-21,Tochigi,51,1537,8,0
2020-04-21,Gunma,131,2163,14,9
2020-04-21,Saitama,681,5119,32,10
2020-04-21,Chiba,704,4061,80,11
2020-04-21,Tokyo,3320,8435,59,19
2020-04-21,Kanagawa,816,4745,91,19
2020-04-21,Niigata,58,2217,32,0
2020-04-21,Toyama,115,1515,8,2
2020-04-21,Ishikawa,190,1181,17,5
2020-04-21,Fukui,118,1099,26,4
2020-04-21,Yamanashi,50,1703,9,0
2020-04-21,Nagano,54,1417,6,0
2020-04-21,Gifu,140,2143,24,5
2020-04-21,Shizuoka,53,2221,12,0
2020-04-21,Aichi,422,5535,66,27
2020-04-21,Mie,41,1436,11,1
2020-04-21,Shiga,76,937,13,1
2020-04-21,Kyoto,264,2883,66,6
2020-04-21,Osaka,1351,5368,253,15
2020-04-21,Hyogo,546,5714,65,17
2020-04-21,Nara,73,1020,14,1
2020-04-21,Wakayama,47,2381,22,1
2020-04-21,Tottori,3,794,0,0
2020-04-21,Shimane,16,697,0,0
2020-04-21,Okayama,19,992,4,0
2020-04-21,Hiroshima,138,3583,12,0
2020-04-21,Yamaguchi,31,1130,15,0
2020-04-21,Tokushima,5,341,3,0
2020-04-21,Kagawa,26,1273,1,0
2020-04-21,Ehime,47,893,9,3
2020-04-21,Kochi,69,1181,22,2
2020-04-21,Fukuoka,539,7311,87,13
2020-04-21,Saga,17,602,1,0
2020-04-21,Nagasaki,17,1551,5,0
2020-04-21,Kumamoto,41,2465,7,1
2020-04-21,Oita,60,2691,19,1
2020-04-21,Miyazaki,17,943,4,0
2020-04-21,Kagoshima,10,852,2,0
2020-04-21,Okinawa,125,1420,11,3
2020-04-22,Hokkaido,495,4803,188,22
2020-04-22,Aomori,22,501,10,0
2020-04-22,Iwate,0,256,0,0
2020-04-22,Miyagi,84,1438,14,0
2020-04-22,Akita,16,767,5,0
2020-04-22,Yamagata,65,1759,17,0
2020-04-22,Fukushima,65,1238,15,0
2020-04-22,Ibaraki,151,3687,18,6
2020-04-22,Tochigi,52,1560,8,0
2020-04-22,Gunma,131,2290,14,9
2020-04-22,Saitama,714,5432,34,10
2020-04-22,Chiba,725,4284,80,11
2020-04-22,Tokyo,3452,8959,59,19
2020-04-22,Kanagawa,841,4628,111,23
2020-04-22,Niigata,61,2283,33,0
2020-04-22,Toyama,115,1633,8,2
2020-04-22,Ishikawa,199,1244,17,5
2020-04-22,Fukui,119,1233,26,4
2020-04-22,Yamanashi,51,1813,23,0
2020-04-22,Nagano,56,1468,6,0
2020-04-22,Gifu,143,2197,24,5
2020-04-22,Shizuoka,57,2292,13,0
2020-04-22,Aichi,441,6033,67,29
2020-04-22,Mie,43,1494,11,1
2020-04-22,Shiga,88,971,13,1
2020-04-22,Kyoto,275,2906,88,7
2020-04-22,Osaka,1382,5798,255,17
2020-04-22,Hyogo,563,5972,65,17
2020-04-22,Nara,75,1071,14,1
2020-04-22,Wakayama,49,2422,22,1
2020-04-22,Tottori,3,823,0,0
2020-04-22,Shimane,16,719,0,0
2020-04-22,Okayama,19,908,4,0
2020-04-22,Hiroshima,139,3783,13,0
2020-04-22,Yamaguchi,31,1144,15,0
2020-04-22,Tokushima,5,353,3,0
2020-04-22,Kagawa,26,1350,2,0
2020-04-22,Ehime,47,938,16,3
2020-04-22,Kochi,70,1230,28,2
2020-04-22,Fukuoka,560,7467,88,13
2020-04-22,Saga,18,636,2,0
2020-04-22,Nagasaki,16,1612,5,0
2020-04-22,Kumamoto,41,2518,7,1
2020-04-22,Oita,60,2752,19,1
2020-04-22,Miyazaki,17,965,4,0
2020-04-22,Kagoshima,10,895,2,0
2020-04-22,Okinawa,130,1583,11,3
2020-04-23,Hokkaido,540,5112,195,25
2020-04-23,Aomori,22,506,14,0
2020-04-23,Iwate,0,271,0,0
2020-04-23,Miyagi,84,1491,23,0
2020-04-23,Akita,16,776,7,0
2020-04-23,Yamagata,65,1851,17,0
2020-04-23,Fukushima,65,1316,17,0
2020-04-23,Ibaraki,153,3887,21,6
2020-04-23,Tochigi,53,1617,8,0
2020-04-23,Gunma,138,2380,14,9
2020-04-23,Saitama,753,5630,34,14
2020-04-23,Chiba,749,4646,82,16
2020-04-23,Tokyo,3586,9361,59,19
2020-04-23,Kanagawa,880,4828,114,24
2020-04-23,Niigata,62,2354,33,0
2020-04-23,Toyama,150,1781,8,3
2020-04-23,Ishikawa,216,1338,17,5
2020-04-23,Fukui,119,1278,26,5
2020-04-23,Yamanashi,51,1862,22,0
2020-04-23,Nagano,59,1514,8,0
2020-04-23,Gifu,146,2234,24,5
2020-04-23,Shizuoka,58,2306,13,0
2020-04-23,Aichi,453,6033,67,29
2020-04-23,Mie,43,1578,11,1
2020-04-23,Shiga,92,1067,13,1
2020-04-23,Kyoto,282,3397,93,7
2020-04-23,Osaka,1417,6346,255,19
2020-04-23,Hyogo,581,6213,67,17
2020-04-23,Nara,76,1140,14,1
2020-04-23,Wakayama,50,2454,23,1
2020-04-23,Tottori,3,880,0,0
2020-04-23,Shimane,16,733,2,0
2020-04-23,Okayama,19,1015,5,0
2020-04-23,Hiroshima,142,3900,14,1
2020-04-23,Yamaguchi,31,1156,15,0
2020-04-23,Tokushima,5,368,3,0
2020-04-23,Kagawa,28,1393,4,0
2020-04-23,Ehime,47,961,16,3
2020-04-23,Kochi,71,1260,28,2
2020-04-23,Fukuoka,572,7690,92,13
2020-04-23,Saga,21,682,2,0
2020-04-23,Nagasaki,16,1676,5,1
2020-04-23,Kumamoto,43,2577,8,1
2020-04-23,Oita,60,2910,26,1
2020-04-23,Miyazaki,17,993,7,0
2020-04-23,Kagoshima,10,1017,2,0
2020-04-23,Okinawa,132,1589,11,3
2020-04-24,Hokkaido,562,5362,196,25
2020-04-24,Aomori,22,517,14,0
2020-04-24,Iwate,0,280,0,0
2020-04-24,Miyagi,84,1568,29,0
2020-04-24,Akita,16,786,7,0
2020-04-24,Yamagata,66,1947,17,0
2020-04-24,Fukushima,66,1420,19,0
2020-04-24,Ibaraki,157,4031,24,6
2020-04-24,Tochigi,53,1673,13,0
2020-04-24,Gunma,140,2434,14,9
2020-04-24,Saitama,767,5889,34,15
2020-04-24,Chiba,768,4879,95,18
2020-04-24,Tokyo,3747,9827,59,19
2020-04-24,Kanagawa,912,5075,123,24
2020-04-24,Niigata,65,2491,33,0
2020-04-24,Toyama,163,1885,9,3
2020-04-24,Ishikawa,222,1424,16,5
2020-04-24,Fukui,120,1313,34,5
2020-04-24,Yamanashi,51,1922,22,0
2020-04-24,Nagano,67,1548,8,0
2020-04-24,Gifu,146,2272,24,7
2020-04-24,Shizuoka,59,2366,13,0
2020-04-24,Aichi,474,6272,66,30
2020-04-24,Mie,45,1653,11,1
2020-04-24,Shiga,93,1141,13,1
2020-04-24,Kyoto,286,3614,93,7
2020-04-24,Osaka,1448,6895,246,25
2020-04-24,Hyogo,605,6463,68,17
2020-04-24,Nara,76,1173,14,1
2020-04-24,Wakayama,52,2526,23,1
2020-04-24,Tottori,3,929,0,0
2020-04-24,Shimane,16,750,2,0
2020-04-24,Okayama,20,1041,5,0
2020-04-24,Hiroshima,142,4239,14,1
2020-04-24,Yamaguchi,31,1217,16,0
2020-04-24,Tokushima,5,386,3,0
2020-04-24,Kagawa,28,1427,4,0
2020-04-24,Ehime,47,1002,20,3
2020-04-24,Kochi,71,1294,28,2
2020-04-24,Fukuoka,584,7963,136,15
2020-04-24,Saga,32,711,6,0
2020-04-24,Nagasaki,16,1728,6,1
2020-04-24,Kumamoto,43,2623,9,1
2020-04-24,Oita,60,2910,26,1
2020-04-24,Miyazaki,17,1010,7,0
2020-04-24,Kagoshima,10,1109,3,0
2020-04-24,Okinawa,133,1715,11,4
2020-04-25,Hokkaido,601,5362,201,25
2020-04-25,Aomori,22,526,14,0
2020-04-25,Iwate,0,288,0,0
2020-04-25,Miyagi,85,1568,31,0
2020-04-25,Akita,16,786,7,0
2020-04-25,Yamagata,66,1947,32,0
2020-04-25,Fukushima,68,1491,19,0
2020-04-25,Ibaraki,158,4031,24,6
2020-04-25,Tochigi,52,1673,13,0
2020-04-25,Gunma,140,2440,14,9
2020-04-25,Saitama,786,6110,34,15
2020-04-25,Chiba,778,5028,97,19
2020-04-25,Tokyo,3850,9827,59,19
2020-04-25,Kanagawa,943,5075,120,25
2020-04-25,Niigata,65,2491,33,0
2020-04-25,Toyama,175,1885,9,3
2020-04-25,Ishikawa,224,1424,16,5
2020-04-25,Fukui,120,1313,33,5
2020-04-25,Yamanashi,51,1922,22,0
2020-04-25,Nagano,66,1552,8,0
2020-04-25,Gifu,146,2272,36,7
2020-04-25,Shizuoka,62,2366,13,0
2020-04-25,Aichi,475,6488,66,30
2020-04-25,Mie,45,1653,16,1
2020-04-25,Shiga,94,1141,22,1
2020-04-25,Kyoto,290,3614,137,7
2020-04-25,Osaka,1477,6900,246,27
2020-04-25,Hyogo,619,6641,72,17
2020-04-25,Nara,76,1173,14,1
2020-04-25,Wakayama,57,2528,24,1
2020-04-25,Tottori,3,943,1,0
2020-04-25,Shimane,16,750,2,0
2020-04-25,Okayama,21,1041,5,0
2020-04-25,Hiroshima,143,4245,14,1
2020-04-25,Yamaguchi,31,1233,18,0
2020-04-25,Tokushima,5,386,3,0
2020-04-25,Kagawa,28,1427,5,0
2020-04-25,Ehime,47,1002,20,3
2020-04-25,Kochi,72,1302,28,2
2020-04-25,Fukuoka,595,7983,138,15
2020-04-25,Saga,36,711,6,0
2020-04-25,Nagasaki,16,1728,6,1
2020-04-25,Kumamoto,43,2623,9,1
2020-04-25,Oita,60,2910,26,1
2020-04-25,Miyazaki,17,1010,7,0
2020-04-25,Kagoshima,10,1109,3,0
2020-04-25,Okinawa,133,1715,11,4
2020-04-26,Hokkaido,615,5362,202,25
2020-04-26,Aomori,22,540,14,0
2020-04-26,Iwate,0,300,0,0
2020-04-26,Miyagi,85,1568,31,0
2020-04-26,Akita,16,786,7,0
2020-04-26,Yamagata,66,1947,32,0
2020-04-26,Fukushima,69,1585,19,0
2020-04-26,Ibaraki,161,4031,24,6
2020-04-26,Tochigi,52,1673,13,0
2020-04-26,Gunma,141,2448,15,9
2020-04-26,Saitama,806,6256,36,16
2020-04-26,Chiba,786,5163,97,19
2020-04-26,Tokyo,3922,9827,59,19
2020-04-26,Kanagawa,959,5075,120,26
2020-04-26,Niigata,69,2491,32,0
2020-04-26,Toyama,177,1885,9,3
2020-04-26,Ishikawa,229,1424,16,5
2020-04-26,Fukui,121,1313,33,5
2020-04-26,Yamanashi,51,1922,22,0
2020-04-26,Nagano,66,1553,17,0
2020-04-26,Gifu,146,2272,57,7
2020-04-26,Shizuoka,63,2366,13,0
2020-04-26,Aichi,476,6488,66,30
2020-04-26,Mie,45,1653,16,1
2020-04-26,Shiga,94,1141,22,1
2020-04-26,Kyoto,294,3614,142,7
2020-04-26,Osaka,1493,6937,252,27
2020-04-26,Hyogo,627,6831,77,17
2020-04-26,Nara,76,1173,14,1
2020-04-26,Wakayama,58,2563,27,1
2020-04-26,Tottori,3,971,1,0
2020-04-26,Shimane,22,757,2,0
2020-04-26,Okayama,22,1041,5,0
2020-04-26,Hiroshima,145,4245,15,1
2020-04-26,Yamaguchi,31,1251,18,0
2020-04-26,Tokushima,5,386,3,0
2020-04-26,Kagawa,28,1427,5,0
2020-04-26,Ehime,47,1002,24,3
2020-04-26,Kochi,73,1344,28,2
2020-04-26,Fukuoka,606,8000,148,15
2020-04-26,Saga,36,750,6,0
2020-04-26,Nagasaki,16,1728,6,1
2020-04-26,Kumamoto,45,2623,11,1
2020-04-26,Oita,60,2910,26,1
2020-04-26,Miyazaki,17,1010,8,0
2020-04-26,Kagoshima,10,1109,3,0
2020-04-26,Okinawa,133,1715,11,4
2020-04-27,Hokkaido,650,6149,202,26
2020-04-27,Aomori,23,580,14,0
2020-04-27,Iwate,0,302,0,0
2020-04-27,Miyagi,86,1714,32,0
2020-04-27,Akita,16,818,7,0
2020-04-27,Yamagata,66,2052,38,0
2020-04-27,Fukushima,69,1634,19,0
2020-04-27,Ibaraki,161,4273,31,6
2020-04-27,Tochigi,54,1826,13,0
2020-04-27,Gunma,146,2589,15,9
2020-04-27,Saitama,823,6368,42,16
2020-04-27,Chiba,793,5512,98,23
2020-04-27,Tokyo,3961,10702,59,19
2020-04-27,Kanagawa,965,5439,122,27
2020-04-27,Niigata,69,2578,32,0
2020-04-27,Toyama,181,2102,9,3
2020-04-27,Ishikawa,236,1703,16,5
2020-04-27,Fukui,121,1462,63,6
2020-04-27,Yamanashi,51,2072,22,0
2020-04-27,Nagano,66,1680,17,0
2020-04-27,Gifu,146,2763,57,7
2020-04-27,Shizuoka,64,2547,13,0
2020-04-27,Aichi,477,6890,66,30
2020-04-27,Mie,45,1799,16,1
2020-04-27,Shiga,94,1209,22,1
2020-04-27,Kyoto,309,3894,140,8
2020-04-27,Osaka,1523,7380,260,32
2020-04-27,Hyogo,629,6922,85,17
2020-04-27,Nara,78,1329,14,1
2020-04-27,Wakayama,59,2837,27,1
2020-04-27,Tottori,3,982,1,0
2020-04-27,Shimane,22,790,2,0
2020-04-27,Okayama,22,1129,5,0
2020-04-27,Hiroshima,145,4556,16,1
2020-04-27,Yamaguchi,32,1225,18,0
2020-04-27,Tokushima,5,423,3,0
2020-04-27,Kagawa,28,1512,5,0
2020-04-27,Ehime,47,1024,24,3
2020-04-27,Kochi,73,1362,28,2
2020-04-27,Fukuoka,615,8611,161,16
2020-04-27,Saga,36,912,6,0
2020-04-27,Nagasaki,16,1851,8,1
2020-04-27,Kumamoto,45,2912,12,1
2020-04-27,Oita,60,3039,27,1
2020-04-27,Miyazaki,17,1053,9,0
2020-04-27,Kagoshima,10,1176,4,0
2020-04-27,Okinawa,137,1896,23,4
2020-04-28,Hokkaido,688,6312,202,26
2020-04-28,Aomori,26,598,14,0
2020-04-28,Iwate,0,314,0,0
2020-04-28,Miyagi,87,1744,32,0
2020-04-28,Akita,16,827,7,0
2020-04-28,Yamagata,66,2103,38,0
2020-04-28,Fukushima,70,1664,19,0
2020-04-28,Ibaraki,162,4473,31,6
2020-04-28,Tochigi,54,1857,13,0
2020-04-28,Gunma,146,2596,15,11
2020-04-28,Saitama,828,7007,42,15
2020-04-28,Chiba,801,5636,101,23
2020-04-28,Tokyo,4073,10702,59,19
2020-04-28,Kanagawa,975,5536,150,29
2020-04-28,Niigata,75,2775,32,0
2020-04-28,Toyama,190,2137,9,3
2020-04-28,Ishikawa,245,1796,22,5
2020-04-28,Fukui,122,1588,63,6
2020-04-28,Yamanashi,52,2117,23,0
2020-04-28,Nagano,66,1703,17,0
2020-04-28,Gifu,146,2362,65,7
2020-04-28,Shizuoka,67,2635,24,0
2020-04-28,Aichi,482,7027,66,31
2020-04-28,Mie,45,1835,16,1
2020-04-28,Shiga,94,1246,22,1
2020-04-28,Kyoto,313,3950,140,8
2020-04-28,Osaka,1555,7799,274,36
2020-04-28,Hyogo,636,7063,80,17
2020-04-28,Nara,80,1397,14,1
2020-04-28,Wakayama,60,2904,27,2
2020-04-28,Tottori,3,1003,1,0
2020-04-28,Shimane,23,797,2,0
2020-04-28,Okayama,22,1141,5,0
2020-04-28,Hiroshima,149,4610,20,1
2020-04-28,Yamaguchi,32,1239,23,0
2020-04-28,Tokushima,5,440,3,0
2020-04-28,Kagawa,28,1537,6,0
2020-04-28,Ehime,47,1043,24,3
2020-04-28,Kochi,73,1368,28,3
2020-04-28,Fukuoka,619,8721,170,16
2020-04-28,Saga,37,930,6,0
2020-04-28,Nagasaki,16,1911,9,1
2020-04-28,Kumamoto,45,3002,12,1
2020-04-28,Oita,60,3065,27,1
2020-04-28,Miyazaki,17,1068,10,0
2020-04-28,Kagoshima,10,1199,4,0
2020-04-28,Okinawa,141,1918,24,4
2020-04-29,Hokkaido,726,6312,209,26
2020-04-29,Aomori,26,613,14,0
2020-04-29,Iwate,0,314,0,0
2020-04-29,Miyagi,88,1744,32,0
2020-04-29,Akita,16,827,7,0
2020-04-29,Yamagata,68,2103,38,0
2020-04-29,Fukushima,72,1664,19,0
2020-04-29,Ibaraki,162,4473,33,6
2020-04-29,Tochigi,54,1857,13,0
2020-04-29,Gunma,146,2596,15,15
2020-04-29,Saitama,843,7007,49,15
2020-04-29,Chiba,806,5753,102,23
2020-04-29,Tokyo,4120,10702,59,19
2020-04-29,Kanagawa,1002,5536,150,31
2020-04-29,Niigata,75,2775,32,0
2020-04-29,Toyama,190,2137,9,3
2020-04-29,Ishikawa,250,1796,22,6
2020-04-29,Fukui,122,1588,64,7
2020-04-29,Yamanashi,52,2117,24,0
2020-04-29,Nagano,66,1703,17,0
2020-04-29,Gifu,146,2362,65,7
2020-04-29,Shizuoka,68,2635,24,0
2020-04-29,Aichi,486,7036,67,31
2020-04-29,Mie,45,1835,19,1
2020-04-29,Shiga,96,1246,35,1
2020-04-29,Kyoto,316,3950,156,9
2020-04-29,Osaka,1599,8186,281,37
2020-04-29,Hyogo,642,7076,81,17
2020-04-29,Nara,82,1397,14,1
2020-04-29,Wakayama,60,2906,28,2
2020-04-29,Tottori,3,1003,1,0
2020-04-29,Shimane,23,806,3,0
2020-04-29,Okayama,23,1141,5,0
2020-04-29,Hiroshima,153,4610,20,1
2020-04-29,Yamaguchi,32,1265,24,0
2020-04-29,Tokushima,5,440,3,0
2020-04-29,Kagawa,28,1537,7,0
2020-04-29,Ehime,47,1043,24,3
2020-04-29,Kochi,74,1398,28,3
2020-04-29,Fukuoka,639,8736,170,17
2020-04-29,Saga,38,950,6,0
2020-04-29,Nagasaki,17,1911,9,1
2020-04-29,Kumamoto,47,3002,12,1
2020-04-29,Oita,60,3065,28,1
2020-04-29,Miyazaki,17,1068,10,0
2020-04-29,Kagoshima,10,1199,4,0
2020-04-29,Okinawa,141,1918,24,4
2020-04-30,Hokkaido,767,6892,209,27
2020-04-30,Aomori,26,639,14,0
2020-04-30,Iwate,0,343,0,0
2020-04-30,Miyagi,88,1885,32,0
2020-04-30,Akita,16,850,7,0
2020-04-30,Yamagata,68,2159,38,0
2020-04-30,Fukushima,73,1812,19,0
2020-04-30,Ibaraki,163,4623,35,7
2020-04-30,Tochigi,54,2010,16,0
2020-04-30,Gunma,146,1630,15,15
2020-04-30,Saitama,851,7818,49,17
2020-04-30,Chiba,810,6141,103,24
2020-04-30,Tokyo,4166,10981,59,19
2020-04-30,Kanagawa,1028,5871,168,32
2020-04-30,Niigata,75,2903,32,0
2020-04-30,Toyama,202,2535,9,7
2020-04-30,Ishikawa,251,1937,22,6
2020-04-30,Fukui,122,1696,69,8
2020-04-30,Yamanashi,52,2292,24,0
2020-04-30,Nagano,66,1798,17,0
2020-04-30,Gifu,146,2400,65,7
2020-04-30,Shizuoka,72,2736,24,1
2020-04-30,Aichi,488,7327,75,32
2020-04-30,Mie,45,1903,19,1
2020-04-30,Shiga,96,1289,35,1
2020-04-30,Kyoto,319,4177,156,9
2020-04-30,Osaka,1627,8965,551,41
2020-04-30,Hyogo,645,7481,81,17
2020-04-30,Nara,82,1508,14,1
2020-04-30,Wakayama,62,3033,28,2
2020-04-30,Tottori,3,1048,1,0
2020-04-30,Shimane,23,820,7,0
2020-04-30,Okayama,23,1196,10,0
2020-04-30,Hiroshima,155,4959,29,2
2020-04-30,Yamaguchi,32,1285,24,0
2020-04-30,Tokushima,5,459,3,0
2020-04-30,Kagawa,28,1613,7,0
2020-04-30,Ehime,47,1095,25,3
2020-04-30,Kochi,74,1439,28,3
2020-04-30,Fukuoka,642,9254,170,17
2020-04-30,Saga,41,1027,7,0
2020-04-30,Nagasaki,17,2008,9,1
2020-04-30,Kumamoto,47,3148,13,1
2020-04-30,Oita,60,3157,30,1
2020-04-30,Miyazaki,17,1105,11,0
2020-04-30,Kagoshima,10,1260,4,0
2020-04-30,Okinawa,142,2113,24,4
2020-05-01,Hokkaido,790,7054,248,29
2020-05-01,Aomori,26,643,14,0
2020-05-01,Iwate,0,343,0,0
2020-05-01,Miyagi,88,1910,50,0
2020-05-01,Akita,16,852,13,0
2020-05-01,Yamagata,68,2246,48,0
2020-05-01,Fukushima,74,1844,19,0
2020-05-01,Ibaraki,165,4835,35,7
2020-05-01,Tochigi,54,2015,16,0
2020-05-01,Gunma,146,1654,15,15
2020-05-01,Saitama,857,8050,52,17
2020-05-01,Chiba,816,6374,105,25
2020-05-01,Tokyo,4331,11254,59,19
2020-05-01,Kanagawa,1042,6002,172,32
2020-05-01,Niigata,77,3044,32,0
2020-05-01,Toyama,201,2392,9,7
2020-05-01,Ishikawa,254,1977,23,7
2020-05-01,Fukui,122,1771,69,8
2020-05-01,Yamanashi,54,2358,29,0
2020-05-01,Nagano,66,1818,17,0
2020-05-01,Gifu,149,2404,70,6
2020-05-01,Shizuoka,73,2780,24,1
2020-05-01,Aichi,491,7403,75,32
2020-05-01,Mie,45,1938,19,1
2020-05-01,Shiga,96,1314,35,1
2020-05-01,Kyoto,323,4343,159,10
2020-05-01,Osaka,1641,12492,555,44
2020-05-01,Hyogo,650,7621,83,18
2020-05-01,Nara,85,1605,14,1
2020-05-01,Wakayama,62,3077,28,2
2020-05-01,Tottori,3,1603,1,0
2020-05-01,Shimane,23,830,7,0
2020-05-01,Okayama,23,1131,10,0
2020-05-01,Hiroshima,156,5021,29,2
2020-05-01,Yamaguchi,34,1290,24,0
2020-05-01,Tokushima,5,469,3,0
2020-05-01,Kagawa,28,1643,7,0
2020-05-01,Ehime,47,1116,25,3
2020-05-01,Kochi,74,1446,49,3
2020-05-01,Fukuoka,645,9400,170,17
2020-05-01,Saga,42,1077,7,0
2020-05-01,Nagasaki,17,2050,9,1
2020-05-01,Kumamoto,47,3178,13,1
2020-05-01,Oita,60,3175,31,1
2020-05-01,Miyazaki,17,1122,11,0
2020-05-01,Kagoshima,10,1287,4,0
2020-05-01,Okinawa,142,2155,24,4
2020-05-02,Hokkaido,823,7054,248,29
2020-05-02,Aomori,26,643,14,0
2020-05-02,Iwate,0,350,0,0
2020-05-02,Miyagi,88,1910,61,0
2020-05-02,Akita,16,852,13,0
2020-05-02,Yamagata,68,2246,50,0
2020-05-02,Fukushima,75,1844,19,0
2020-05-02,Ibaraki,165,4835,38,7
2020-05-02,Tochigi,54,2015,16,0
2020-05-02,Gunma,146,1654,15,15
2020-05-02,Saitama,878,8778,52,17
2020-05-02,Chiba,823,6374,105,25
2020-05-02,Tokyo,4491,11691,59,19
2020-05-02,Kanagawa,1060,6002,177,33
2020-05-02,Niigata,77,3044,32,0
2020-05-02,Toyama,209,2392,38,9
2020-05-02,Ishikawa,260,1977,23,13
2020-05-02,Fukui,122,1771,75,8
2020-05-02,Yamanashi,55,2358,29,0
2020-05-02,Nagano,69,1818,23,0
2020-05-02,Gifu,150,2404,79,6
2020-05-02,Shizuoka,73,2780,24,1
2020-05-02,Aichi,491,7403,75,33
2020-05-02,Mie,45,1938,19,1
2020-05-02,Shiga,96,1314,35,1
2020-05-02,Kyoto,328,4343,168,11
2020-05-02,Osaka,1658,12492,557,45
2020-05-02,Hyogo,654,7891,86,18
2020-05-02,Nara,86,1605,38,1
2020-05-02,Wakayama,62,3077,31,2
2020-05-02,Tottori,3,1092,1,0
2020-05-02,Shimane,23,830,7,0
2020-05-02,Okayama,23,1131,10,0
2020-05-02,Hiroshima,161,5037,29,2
2020-05-02,Yamaguchi,34,1290,24,0
2020-05-02,Tokushima,5,469,3,1
2020-05-02,Kagawa,28,1643,7,0
2020-05-02,Ehime,47,1116,27,3
2020-05-02,Kochi,74,1461,49,3
2020-05-02,Fukuoka,648,9400,171,17
2020-05-02,Saga,42,1077,7,0
2020-05-02,Nagasaki,17,2050,9,1
2020-05-02,Kumamoto,47,3178,13,1
2020-05-02,Oita,60,3175,31,1
2020-05-02,Miyazaki,17,1122,11,0
2020-05-02,Kagoshima,10,1287,4,0
2020-05-02,Okinawa,142,2211,24,4
2020-05-03,Hokkaido,847,7054,847,248
2020-05-03,Aomori,26,643,26,14
2020-05-03,Iwate,0,363,0,0
2020-05-03,Miyagi,88,1910,88,61
2020-05-03,Akita,16,852,16,13
2020-05-03,Yamagata,68,2246,68,53
2020-05-03,Fukushima,78,1844,78,19
2020-05-03,Ibaraki,165,4835,165,45
2020-05-03,Tochigi,54,2015,54,16
2020-05-03,Gunma,146,1654,146,36
2020-05-03,Saitama,888,8939,888,54
2020-05-03,Chiba,828,6374,828,105
2020-05-03,Tokyo,4582,11691,4582,59
2020-05-03,Kanagawa,1101,6002,1101,184
2020-05-03,Niigata,77,3044,77,32
2020-05-03,Toyama,212,2392,212,37
2020-05-03,Ishikawa,264,1977,264,23
2020-05-03,Fukui,122,1771,122,75
2020-05-03,Yamanashi,56,2358,56,29
2020-05-03,Nagano,70,1818,70,23
2020-05-03,Gifu,150,2404,150,79
2020-05-03,Shizuoka,73,2780,73,24
2020-05-03,Aichi,492,7463,492,75
2020-05-03,Mie,45,1938,45,19
2020-05-03,Shiga,96,1314,96,35
2020-05-03,Kyoto,331,4343,331,176
2020-05-03,Osaka,1669,12492,1669,575
2020-05-03,Hyogo,667,8052,667,90
2020-05-03,Nara,87,1605,87,38
2020-05-03,Wakayama,62,3077,62,35
2020-05-03,Tottori,3,1103,3,1
2020-05-03,Shimane,24,830,24,7
2020-05-03,Okayama,23,1131,23,10
2020-05-03,Hiroshima,162,5062,162,35
2020-05-03,Yamaguchi,35,1290,35,24
2020-05-03,Tokushima,5,469,5,3
2020-05-03,Kagawa,28,1711,28,9
2020-05-03,Ehime,48,1116,48,31
2020-05-03,Kochi,74,1496,74,49
2020-05-03,Fukuoka,648,9400,648,173
2020-05-03,Saga,44,1077,44,9
2020-05-03,Nagasaki,17,2050,17,10
2020-05-03,Kumamoto,47,3178,47,13
2020-05-03,Oita,60,3175,60,32
2020-05-03,Miyazaki,17,1122,17,11
2020-05-03,Kagoshima,10,1287,10,4
2020-05-03,Okinawa,142,2211,142,24
2020-05-04,Hokkaido,,,879,254
2020-05-04,Aomori,,,26,14
2020-05-04,Iwate,,,0,0
2020-05-04,Miyagi,,,88,61
2020-05-04,Akita,,,16,13
2020-05-04,Yamagata,,,69,54
2020-05-04,Fukushima,,,78,19
2020-05-04,Ibaraki,,,167,61
2020-05-04,Tochigi,,,54,22
2020-05-04,Gunma,,,146,36
2020-05-04,Saitama,,,894,54
2020-05-04,Chiba,,,834,111
2020-05-04,Tokyo,,,4669,59
2020-05-04,Kanagawa,,,1111,185
2020-05-04,Niigata,,,77,32
2020-05-04,Toyama,,,212,37
2020-05-04,Ishikawa,,,267,23
2020-05-04,Fukui,,,122,78
2020-05-04,Yamanashi,,,56,29
2020-05-04,Nagano,,,72,28
2020-05-04,Gifu,,,150,81
2020-05-04,Shizuoka,,,73,24
2020-05-04,Aichi,,,495,75
2020-05-04,Mie,,,45,19
2020-05-04,Shiga,,,98,35
2020-05-04,Kyoto,,,334,176
2020-05-04,Osaka,,,1682,576
2020-05-04,Hyogo,,,667,90
2020-05-04,Nara,,,87,38
2020-05-04,Wakayama,,,62,35
2020-05-04,Tottori,,,3,1
2020-05-04,Shimane,,,24,7
2020-05-04,Okayama,,,23,10
2020-05-04,Hiroshima,,,162,35
2020-05-04,Yamaguchi,,,36,24
2020-05-04,Tokushima,,,5,3
2020-05-04,Kagawa,,,28,11
2020-05-04,Ehime,,,48,31
2020-05-04,Kochi,,,74,49
2020-05-04,Fukuoka,,,649,173
2020-05-04,Saga,,,45,10
2020-05-04,Nagasaki,,,17,10
2020-05-04,Kumamoto,,,47,13
2020-05-04,Oita,,,60,32
2020-05-04,Miyazaki,,,17,11
2020-05-04,Kagoshima,,,10,4
2020-05-04,Okinawa,,,142,24
